1	0	0	2	action
1	0	1	3	action
1	0	2	1	action
1	0	3	3	action
1	0	4	3	action
1	0	5	3	action
1	0	6	1	action
1	0	7	2	action
1	0	8	2	action
1	0	9	2	action
1	0	10	3	action
2	0	11	3	action
2	0	9	3	action
2	0	0	3	action
2	0	12	2	action
2	0	6	2	action
2	0	1	2	action
2	0	13	2	action
2	0	14	2	action
2	0	5	2	action
3	0	1	3	action
3	0	14	2	action
3	0	9	2	action
3	0	8	1	action
3	0	11	2	action
3	0	15	2	action
3	0	0	1	action
3	0	2	1	action
3	0	12	1	action
3	0	16	1	action
3	0	13	4	action
4	0	0	3	action
4	0	15	2	action
4	0	17	2	action
4	0	11	4	action
4	0	8	2	action
4	0	6	2	action
4	0	4	4	action
5	0	9	2	action
5	0	5	2	action
5	0	3	3	action
5	0	10	3	action
5	0	15	2	action
5	0	18	2	action
5	0	4	2	action
5	0	6	3	action
5	0	17	3	action
5	0	8	2	action
5	0	1	2	action
6	0	8	1	action
6	0	14	2	action
6	0	16	2	action
6	0	5	1	action
6	0	0	4	action
6	0	11	2	action
6	0	7	3	action
6	0	3	2	action
6	0	2	2	action
6	0	1	2	action
6	0	9	1	action
7	0	15	2	action
7	0	18	1	action
7	0	17	1	action
7	0	7	4	action
7	0	12	2	action
7	0	11	2	action
7	0	16	1	action
7	0	0	2	action
7	0	4	1	action
7	0	9	2	action
7	0	1	2	action
7	0	13	2	action
8	0	2	1	action
8	0	6	1	action
8	0	3	3	action
8	0	4	2	action
8	0	9	4	action
8	0	11	3	action
8	0	16	2	action
8	0	5	2	action
8	0	13	2	action
8	0	8	2	action
8	0	14	1	action
8	0	15	2	action
8	0	18	4	action
8	0	1	2	action
8	0	10	2	action
9	0	16	1	action
9	0	4	2	action
9	0	0	2	action
9	0	10	2	action
9	0	11	2	action
9	0	2	3	action
9	0	15	4	action
9	0	14	2	action
9	0	18	4	action
9	0	9	2	action
9	0	5	4	action
9	0	1	2	action
9	0	7	1	action
10	0	11	3	action
10	0	13	2	action
10	0	5	2	action
10	0	18	4	action
10	0	1	3	action
10	0	8	1	action
10	0	7	2	action
10	0	0	2	action
10	0	3	3	action
11	0	1	1	action
11	0	16	2	action
11	0	12	2	action
11	0	5	2	action
11	0	3	2	action
11	0	8	3	action
11	0	11	2	action
11	0	18	3	action
11	0	15	2	action
11	0	19	3	action
11	0	4	2	action
11	0	0	2	action
11	0	14	2	action
11	0	2	4	action
11	0	10	2	action
11	0	0	2	action
12	0	5	2	action
12	0	2	1	action
12	0	8	2	action
12	0	1	2	action
12	0	13	1	action
13	0	1	2	action
13	0	14	4	action
13	0	3	2	action
13	0	7	1	action
13	0	0	2	action
13	0	17	2	action
13	0	11	2	action
13	0	8	2	action
13	0	5	4	action
14	0	20	2	movie
14	0	21	3	movie
14	0	22	2	movie
14	0	23	2	movie
14	0	24	3	movie
14	0	25	2	movie
14	0	26	2	movie
14	0	27	4	movie
14	0	28	3	movie
14	0	29	4	movie
14	0	30	2	movie
14	0	31	1	movie
14	0	32	4	movie
15	0	33	2	movie
15	0	34	2	movie
15	0	35	1	movie
15	0	36	2	movie
15	0	37	1	movie
15	0	20	3	movie
15	0	11	1	movie
15	0	38	3	movie
15	0	39	1	movie
15	0	40	4	movie
15	0	41	3	movie
15	0	22	2	movie
15	0	30	2	movie
15	0	27	2	movie
15	0	32	1	movie
15	0	42	1	movie
15	0	43	3	movie
15	0	44	3	movie
15	0	24	2	movie
15	0	45	2	movie
15	0	28	2	movie
15	0	46	3	movie
15	0	21	1	movie
15	0	3	2	movie
16	0	47	1	movie
16	0	3	3	movie
16	0	48	2	movie
16	0	25	2	movie
16	0	32	1	movie
16	0	36	3	movie
16	0	49	3	movie
16	0	50	3	movie
16	0	51	2	movie
16	0	52	2	movie
16	0	53	2	movie
16	0	27	3	movie
16	0	38	2	movie
16	0	54	1	movie
16	0	40	2	movie
16	0	43	3	movie
16	0	55	2	movie
16	0	28	4	movie
16	0	22	4	movie
16	0	56	3	movie
16	0	57	2	movie
16	0	58	1	movie
16	0	21	1	movie
16	0	26	4	movie
16	0	47	2	movie
17	0	32	2	musicrecording
17	0	59	4	musicrecording
17	0	43	3	musicrecording
17	0	60	4	musicrecording
17	0	22	2	musicrecording
17	0	46	2	musicrecording
17	0	25	3	musicrecording
17	0	27	4	musicrecording
17	0	20	2	musicrecording
17	0	42	4	musicrecording
17	0	13	2	musicrecording
17	0	61	3	musicrecording
17	0	51	2	musicrecording
17	0	58	3	musicrecording
17	0	24	4	musicrecording
18	0	62	3	book
18	0	63	2	book
18	0	20	2	book
18	0	31	3	book
18	0	57	2	book
18	0	24	1	book
18	0	13	2	book
18	0	46	1	book
18	0	22	1	book
18	0	42	4	book
18	0	64	2	book
18	0	43	1	book
19	0	26	3	movie
19	0	24	2	movie
19	0	39	2	movie
19	0	22	4	movie
19	0	57	2	movie
19	0	65	1	movie
19	0	30	2	movie
19	0	37	4	movie
19	0	42	2	movie
19	0	3	4	movie
19	0	66	2	movie
19	0	20	2	movie
19	0	29	2	movie
20	0	57	3	musicrecording
20	0	67	2	musicrecording
20	0	30	2	musicrecording
20	0	37	3	musicrecording
20	0	32	2	musicrecording
20	0	45	2	musicrecording
20	0	62	2	musicrecording
20	0	68	4	musicrecording
20	0	48	2	musicrecording
20	0	20	2	musicrecording
20	0	23	2	musicrecording
20	0	46	4	musicrecording
21	0	25	2	creativework
21	0	28	2	creativework
21	0	27	2	creativework
21	0	23	2	creativework
21	0	51	2	creativework
21	0	63	3	creativework
21	0	61	4	creativework
21	0	43	1	creativework
21	0	37	4	creativework
21	0	39	2	creativework
21	0	38	2	creativework
21	0	45	1	creativework
21	0	20	3	creativework
21	0	69	2	creativework
21	0	41	2	creativework
21	0	31	2	creativework
21	0	3	2	creativework
21	0	22	2	creativework
21	0	24	1	creativework
21	0	58	4	creativework
21	0	70	3	creativework
21	0	48	2	creativework
22	0	26	2	movie
22	0	25	3	movie
22	0	58	3	movie
22	0	32	2	movie
22	0	27	2	movie
22	0	51	2	movie
22	0	43	2	movie
22	0	16	4	movie
22	0	57	2	movie
22	0	21	3	movie
22	0	31	1	movie
22	0	52	4	movie
22	0	54	2	movie
22	0	48	1	movie
22	0	37	2	movie
22	0	53	2	movie
22	0	28	2	movie
22	0	42	2	movie
22	0	38	2	movie
22	0	26	3	movie
22	0	24	1	movie
23	0	3	1	movie
23	0	65	4	movie
23	0	31	1	movie
23	0	29	4	movie
23	0	23	4	movie
23	0	33	2	movie
23	0	42	4	movie
23	0	26	1	movie
23	0	11	2	movie
23	0	69	2	movie
23	0	27	2	movie
23	0	24	2	movie
23	0	21	4	movie
24	0	23	2	movie
24	0	61	3	movie
24	0	43	3	movie
24	0	58	2	movie
24	0	32	1	movie
24	0	56	3	movie
24	0	22	2	movie
24	0	31	1	movie
24	0	21	3	movie
24	0	26	1	movie
25	0	3	2	musicrecording
25	0	61	2	musicrecording
25	0	38	2	musicrecording
25	0	45	2	musicrecording
25	0	59	3	musicrecording
25	0	40	1	musicrecording
25	0	28	2	musicrecording
25	0	60	1	musicrecording
25	0	58	1	musicrecording
25	0	25	4	musicrecording
25	0	57	1	musicrecording
25	0	67	2	musicrecording
25	0	62	2	musicrecording
25	0	63	4	musicrecording
25	0	48	2	musicrecording
26	0	51	3	movie
26	0	3	1	movie
26	0	26	3	movie
26	0	24	2	movie
26	0	25	2	movie
26	0	23	3	movie
26	0	65	2	movie
26	0	27	2	movie
26	0	37	2	movie
26	0	18	3	movie
26	0	71	2	movie
26	0	69	2	movie
26	0	57	1	movie
26	0	16	1	movie
26	0	49	4	movie
26	0	72	2	movie
26	0	28	2	movie
27	0	28	3	movie
27	0	31	2	movie
27	0	41	2	movie
27	0	3	3	movie
27	0	52	2	movie
27	0	43	2	movie
27	0	53	3	movie
27	0	51	2	movie
27	0	25	2	movie
27	0	73	3	movie
27	0	22	3	movie
28	0	37	1	movie
28	0	65	3	movie
28	0	51	2	movie
28	0	43	4	movie
28	0	48	2	movie
28	0	20	2	movie
28	0	28	2	movie
28	0	21	2	movie
28	0	53	2	movie
28	0	25	3	movie
28	0	22	1	movie
28	0	27	3	movie
28	0	62	2	movie
28	0	32	2	movie
28	0	16	2	movie
28	0	39	1	movie
29	0	74	1	movie
29	0	32	3	movie
29	0	72	2	movie
29	0	22	2	movie
29	0	56	2	movie
29	0	38	2	movie
29	0	20	2	movie
29	0	57	2	movie
29	0	63	2	movie
29	0	28	2	movie
29	0	54	1	movie
29	0	75	4	movie
29	0	69	2	movie
29	0	3	3	movie
29	0	26	2	movie
29	0	58	2	movie
29	0	27	3	movie
29	0	31	3	movie
30	0	43	1	movie
30	0	63	2	movie
30	0	32	2	movie
30	0	42	1	movie
30	0	46	4	movie
30	0	37	4	movie
30	0	20	2	movie
30	0	31	1	movie
30	0	28	1	movie
30	0	3	2	movie
30	0	76	2	movie
30	0	22	2	movie
30	0	41	4	movie
30	0	21	4	movie
31	0	30	2	movie
31	0	73	3	movie
31	0	24	2	movie
31	0	77	2	movie
31	0	57	4	movie
31	0	58	2	movie
31	0	42	2	movie
31	0	8	3	movie
31	0	72	3	movie
31	0	69	2	movie
31	0	78	2	movie
31	0	64	4	movie
31	0	48	1	movie
31	0	21	2	movie
31	0	22	2	movie
31	0	49	2	movie
31	0	3	2	movie
31	0	14	2	movie
31	0	18	1	movie
32	0	41	2	movie
32	0	22	3	movie
32	0	58	2	movie
32	0	54	2	movie
32	0	45	2	movie
32	0	40	2	movie
32	0	30	4	movie
32	0	61	4	movie
32	0	48	2	movie
32	0	27	2	movie
32	0	65	2	movie
32	0	62	1	movie
32	0	53	2	movie
32	0	69	2	movie
32	0	23	2	movie
32	0	14	4	movie
32	0	51	2	movie
33	0	28	2	movie
33	0	27	3	movie
33	0	21	3	movie
33	0	3	2	movie
33	0	20	2	movie
33	0	73	2	movie
33	0	65	2	movie
33	0	38	2	movie
33	0	46	2	movie
33	0	14	2	movie
33	0	29	3	movie
33	0	22	3	movie
33	0	30	1	movie
33	0	69	1	movie
33	0	51	3	movie
33	0	43	4	movie
33	0	32	2	movie
33	0	24	2	movie
33	0	48	1	movie
33	0	57	4	movie
33	0	26	3	movie
33	0	39	2	movie
33	0	25	3	movie
34	0	41	4	tvseries
34	0	14	3	tvseries
34	0	28	2	tvseries
34	0	51	4	tvseries
34	0	42	2	tvseries
34	0	21	3	tvseries
34	0	65	1	tvseries
34	0	24	2	tvseries
34	0	37	2	tvseries
34	0	23	2	tvseries
34	0	38	4	tvseries
35	0	63	2	movie
35	0	42	2	movie
35	0	32	4	movie
35	0	51	2	movie
35	0	37	2	movie
35	0	3	4	movie
35	0	24	2	movie
35	0	48	3	movie
35	0	46	1	movie
35	0	61	2	movie
35	0	28	2	movie
35	0	25	2	movie
35	0	52	2	movie
35	0	23	1	movie
35	0	43	2	movie
35	0	30	2	movie
35	0	31	2	movie
35	0	21	4	movie
35	0	16	3	movie
36	0	31	2	movie
36	0	37	2	movie
36	0	32	3	movie
36	0	63	2	movie
36	0	53	2	movie
36	0	61	1	movie
36	0	16	3	movie
36	0	58	2	movie
36	0	36	2	movie
36	0	21	2	movie
36	0	41	1	movie
36	0	24	1	movie
36	0	40	3	movie
36	0	26	3	movie
36	0	28	4	movie
36	0	20	2	movie
36	0	51	3	movie
36	0	66	2	movie
36	0	39	2	movie
36	0	57	3	movie
36	0	38	2	movie
36	0	48	3	movie
36	0	43	4	movie
36	0	22	2	movie
36	0	56	2	movie
36	0	27	2	movie
36	0	52	3	movie
36	0	27	3	movie
37	0	58	1	movie
37	0	43	2	movie
37	0	65	2	movie
37	0	22	2	movie
37	0	28	2	movie
37	0	32	3	movie
37	0	25	4	movie
37	0	51	1	movie
37	0	62	2	movie
37	0	38	2	movie
37	0	23	2	movie
37	0	30	1	movie
37	0	42	3	movie
37	0	39	1	movie
37	0	21	3	movie
37	0	24	2	movie
38	0	20	2	movie
38	0	31	3	movie
38	0	57	3	movie
38	0	21	3	movie
38	0	22	3	movie
38	0	58	2	movie
38	0	51	3	movie
38	0	38	1	movie
38	0	39	4	movie
38	0	53	2	movie
38	0	42	2	movie
38	0	69	2	movie
38	0	40	1	movie
38	0	23	2	movie
38	0	28	4	movie
38	0	45	2	movie
38	0	3	2	movie
38	0	61	3	movie
38	0	25	4	movie
38	0	37	2	movie
39	0	38	2	movie
39	0	54	3	movie
39	0	57	1	movie
39	0	22	4	movie
39	0	32	2	movie
39	0	26	3	movie
39	0	3	2	movie
39	0	28	2	movie
39	0	43	1	movie
39	0	20	4	movie
39	0	24	2	movie
39	0	41	4	movie
39	0	51	2	movie
39	0	27	2	movie
39	0	40	2	movie
39	0	56	3	movie
39	0	45	2	movie
39	0	79	2	movie
40	0	42	1	tvseries
40	0	80	3	tvseries
40	0	20	1	tvseries
40	0	3	2	tvseries
40	0	27	3	tvseries
40	0	51	2	tvseries
40	0	21	3	tvseries
40	0	81	2	tvseries
40	0	62	2	tvseries
40	0	52	1	tvseries
40	0	40	2	tvseries
40	0	53	4	tvseries
40	0	82	2	tvseries
40	0	24	2	tvseries
40	0	57	4	tvseries
40	0	32	1	tvseries
40	0	83	2	tvseries
40	0	43	4	tvseries
40	0	26	2	tvseries
40	0	69	3	tvseries
40	0	38	2	tvseries
40	0	63	3	tvseries
40	0	37	1	tvseries
40	0	84	4	tvseries
40	0	22	3	tvseries
41	0	80	4	tvseries
41	0	84	4	tvseries
41	0	43	4	tvseries
41	0	56	2	tvseries
41	0	47	2	tvseries
41	0	83	3	tvseries
41	0	81	2	tvseries
41	0	37	1	tvseries
41	0	20	3	tvseries
41	0	22	2	tvseries
41	0	32	3	tvseries
41	0	58	2	tvseries
41	0	48	3	tvseries
41	0	3	4	tvseries
41	0	46	3	tvseries
41	0	38	2	tvseries
41	0	25	2	tvseries
41	0	30	1	tvseries
41	0	53	4	tvseries
41	0	28	3	tvseries
41	0	63	3	tvseries
41	0	21	3	tvseries
41	0	41	3	tvseries
41	0	31	1	tvseries
41	0	57	3	tvseries
42	0	53	2	movie
42	0	51	2	movie
42	0	47	3	movie
42	0	49	3	movie
42	0	58	2	movie
42	0	32	2	movie
42	0	27	3	movie
42	0	56	3	movie
42	0	40	2	movie
42	0	20	2	movie
42	0	30	2	movie
42	0	43	2	movie
42	0	57	4	movie
42	0	26	2	movie
42	0	21	2	movie
42	0	54	3	movie
42	0	46	1	movie
42	0	31	2	movie
42	0	70	2	movie
42	0	50	4	movie
42	0	28	1	movie
42	0	73	1	movie
42	0	25	1	movie
42	0	22	2	movie
43	0	61	1	event
43	0	15	3	event
43	0	18	2	event
43	0	85	3	event
43	0	86	2	event
43	0	87	4	event
43	0	88	1	event
43	0	89	1	event
43	0	90	2	event
43	0	91	2	event
43	0	92	2	event
43	0	93	2	event
43	0	52	3	event
44	0	15	2	event
44	0	94	3	event
44	0	8	3	event
44	0	92	2	event
44	0	14	2	event
44	0	18	3	event
44	0	11	4	event
44	0	95	1	event
44	0	96	2	event
44	0	97	2	event
44	0	26	2	event
44	0	89	4	event
44	0	90	4	event
44	0	52	1	event
44	0	98	3	event
44	0	99	1	event
44	0	100	2	event
44	0	88	3	event
45	0	63	2	sportsevent
45	0	52	1	sportsevent
45	0	101	2	sportsevent
45	0	90	1	sportsevent
45	0	3	3	sportsevent
45	0	88	3	sportsevent
45	0	58	2	sportsevent
45	0	89	2	sportsevent
45	0	61	2	sportsevent
45	0	91	2	sportsevent
45	0	69	4	sportsevent
45	0	102	2	sportsevent
45	0	99	2	sportsevent
45	0	100	2	sportsevent
45	0	8	2	sportsevent
45	0	103	2	sportsevent
45	0	104	3	sportsevent
45	0	26	2	sportsevent
45	0	86	3	sportsevent
46	0	95	3	educationevent
46	0	14	3	educationevent
46	0	90	1	educationevent
46	0	58	3	educationevent
46	0	105	1	educationevent
46	0	52	2	educationevent
46	0	87	2	educationevent
46	0	88	3	educationevent
46	0	106	2	educationevent
46	0	15	3	educationevent
46	0	94	1	educationevent
46	0	93	3	educationevent
46	0	99	2	educationevent
46	0	98	3	educationevent
46	0	107	2	educationevent
46	0	69	2	educationevent
46	0	89	2	educationevent
46	0	3	4	educationevent
46	0	26	2	educationevent
46	0	91	2	educationevent
46	0	85	2	educationevent
46	0	61	1	educationevent
47	0	95	1	event
47	0	61	2	event
47	0	106	2	event
47	0	90	2	event
47	0	26	4	event
47	0	89	2	event
47	0	63	2	event
47	0	8	2	event
47	0	88	2	event
47	0	85	2	event
47	0	14	1	event
47	0	58	2	event
47	0	86	2	event
47	0	108	2	event
47	0	92	2	event
47	0	99	2	event
47	0	87	2	event
48	0	52	1	event
48	0	11	2	event
48	0	69	3	event
48	0	90	3	event
48	0	14	2	event
48	0	8	3	event
48	0	103	2	event
48	0	106	2	event
48	0	108	2	event
48	0	18	2	event
48	0	86	2	event
48	0	3	1	event
48	0	93	2	event
48	0	97	2	event
48	0	91	1	event
48	0	63	2	event
48	0	92	3	event
48	0	61	2	event
48	0	87	4	event
48	0	13	4	event
48	0	95	2	event
49	0	58	2	event
49	0	63	3	event
49	0	95	3	event
49	0	86	2	event
49	0	91	3	event
49	0	8	4	event
49	0	90	1	event
49	0	15	4	event
49	0	89	2	event
49	0	11	4	event
49	0	92	3	event
49	0	93	1	event
49	0	61	2	event
49	0	69	2	event
49	0	87	3	event
50	0	108	2	event
50	0	106	4	event
50	0	18	2	event
50	0	93	2	event
50	0	99	4	event
50	0	89	2	event
50	0	87	1	event
50	0	11	2	event
50	0	69	2	event
50	0	90	2	event
50	0	97	4	event
50	0	61	1	event
50	0	105	3	event
50	0	63	2	event
50	0	95	4	event
50	0	26	2	event
50	0	109	1	event
50	0	8	4	event
50	0	110	1	event
50	0	14	2	event
50	0	15	2	event
50	0	96	1	event
50	0	94	1	event
51	0	90	2	event
51	0	15	2	event
51	0	86	2	event
51	0	11	2	event
51	0	8	2	event
51	0	58	3	event
51	0	98	2	event
51	0	87	2	event
51	0	95	2	event
51	0	97	2	event
51	0	93	2	event
51	0	94	3	event
51	0	63	2	event
51	0	92	2	event
51	0	26	1	event
51	0	103	2	event
51	0	17	2	event
52	0	8	1	event
52	0	26	1	event
52	0	88	2	event
52	0	69	2	event
52	0	58	2	event
52	0	90	2	event
52	0	91	4	event
52	0	85	2	event
52	0	63	2	event
52	0	52	2	event
52	0	89	3	event
52	0	93	1	event
52	0	18	2	event
52	0	98	1	event
52	0	94	2	event
53	0	87	1	event
53	0	8	2	event
53	0	3	1	event
53	0	99	3	event
53	0	108	3	event
53	0	14	1	event
53	0	96	2	event
53	0	93	2	event
53	0	86	4	event
53	0	15	1	event
53	0	63	1	event
53	0	90	2	event
53	0	95	2	event
53	0	92	2	event
53	0	98	1	event
53	0	58	1	event
53	0	11	2	event
53	0	103	1	event
54	0	11	1	intangible
54	0	13	2	intangible
54	0	8	2	intangible
54	0	3	1	intangible
54	0	111	2	intangible
55	0	14	2	computerlanguage
55	0	111	2	computerlanguage
55	0	17	3	computerlanguage
55	0	13	2	computerlanguage
55	0	16	3	computerlanguage
55	0	18	2	computerlanguage
56	0	17	2	computerlanguage
56	0	3	2	computerlanguage
56	0	11	2	computerlanguage
56	0	7	2	computerlanguage
56	0	111	4	computerlanguage
57	0	7	2	intangible
57	0	8	4	intangible
57	0	14	2	intangible
57	0	3	2	intangible
57	0	11	2	intangible
58	0	16	3	intangible
58	0	3	1	intangible
58	0	111	2	intangible
58	0	18	2	intangible
58	0	17	2	intangible
58	0	14	2	intangible
58	0	7	2	intangible
58	0	11	4	intangible
59	0	14	2	intangible
59	0	8	3	intangible
59	0	13	2	intangible
59	0	11	3	intangible
60	0	8	2	intangible
60	0	13	2	intangible
60	0	11	2	intangible
60	0	18	2	intangible
60	0	14	2	intangible
61	0	11	1	language
61	0	18	2	language
61	0	3	2	language
61	0	14	3	language
62	0	3	2	intangible
62	0	16	3	intangible
62	0	14	3	intangible
62	0	8	4	intangible
62	0	7	2	intangible
62	0	111	2	intangible
63	0	14	2	intangible
63	0	3	2	intangible
63	0	18	1	intangible
63	0	8	2	intangible
63	0	11	2	intangible
63	0	13	2	intangible
64	0	11	3	intangible
64	0	16	1	intangible
64	0	3	2	intangible
64	0	8	2	intangible
64	0	17	3	intangible
64	0	18	2	intangible
64	0	13	2	intangible
65	0	112	2	service
65	0	113	1	service
65	0	17	2	service
65	0	46	2	service
65	0	14	2	service
65	0	3	2	service
65	0	114	1	service
65	0	8	4	service
65	0	18	2	service
65	0	115	1	service
65	0	116	2	service
65	0	117	1	service
65	0	118	3	service
65	0	13	1	service
65	0	16	1	service
65	0	119	2	service
66	0	14	2	financialproduct
66	0	120	4	financialproduct
66	0	11	2	financialproduct
66	0	8	3	financialproduct
66	0	3	2	financialproduct
66	0	121	3	financialproduct
66	0	63	2	financialproduct
66	0	117	2	financialproduct
66	0	109	2	financialproduct
66	0	122	1	financialproduct
66	0	123	2	financialproduct
66	0	18	2	financialproduct
66	0	16	3	financialproduct
66	0	114	2	financialproduct
66	0	112	2	financialproduct
66	0	61	1	financialproduct
66	0	51	2	financialproduct
66	0	58	2	financialproduct
66	0	124	2	financialproduct
66	0	46	2	financialproduct
66	0	125	2	financialproduct
67	0	114	3	service
67	0	126	3	service
67	0	117	3	service
67	0	112	2	service
67	0	61	1	service
67	0	116	3	service
67	0	123	3	service
67	0	125	3	service
67	0	46	3	service
67	0	63	2	service
67	0	119	2	service
67	0	14	2	service
67	0	122	1	service
67	0	13	3	service
67	0	17	4	service
67	0	113	4	service
67	0	8	2	service
67	0	118	4	service
67	0	16	2	service
67	0	3	4	service
67	0	127	2	service
67	0	114	3	service
68	0	17	3	intangible
68	0	16	3	intangible
68	0	7	3	intangible
68	0	11	3	intangible
68	0	8	4	intangible
68	0	14	2	intangible
69	0	14	2	intangible
69	0	18	4	intangible
70	0	8	2	intangible
70	0	11	2	intangible
70	0	14	3	intangible
70	0	16	2	intangible
70	0	18	2	intangible
71	0	128	3	medicalprocedure
71	0	129	2	medicalprocedure
71	0	130	3	medicalprocedure
71	0	131	3	medicalprocedure
71	0	132	3	medicalprocedure
71	0	133	3	medicalprocedure
71	0	134	3	medicalprocedure
71	0	135	4	medicalprocedure
71	0	136	2	medicalprocedure
71	0	17	4	medicalprocedure
71	0	137	3	medicalprocedure
71	0	14	2	medicalprocedure
71	0	18	2	medicalprocedure
71	0	138	3	medicalprocedure
71	0	3	2	medicalprocedure
71	0	139	3	medicalprocedure
71	0	140	4	medicalprocedure
71	0	141	2	medicalprocedure
71	0	8	1	medicalprocedure
71	0	142	3	medicalprocedure
71	0	143	3	medicalprocedure
71	0	144	3	medicalprocedure
71	0	129	2	medicalprocedure
72	0	14	1	medicalintangible
72	0	11	3	medicalintangible
72	0	8	2	medicalintangible
72	0	145	2	medicalintangible
72	0	137	3	medicalintangible
72	0	146	2	medicalintangible
72	0	147	2	medicalintangible
72	0	128	4	medicalintangible
73	0	148	2	medicalcondition
73	0	149	4	medicalcondition
73	0	8	2	medicalcondition
73	0	137	2	medicalcondition
73	0	150	2	medicalcondition
73	0	151	2	medicalcondition
73	0	3	2	medicalcondition
73	0	152	1	medicalcondition
73	0	153	3	medicalcondition
73	0	154	2	medicalcondition
73	0	155	4	medicalcondition
73	0	156	3	medicalcondition
73	0	157	2	medicalcondition
73	0	158	2	medicalcondition
73	0	159	2	medicalcondition
73	0	11	2	medicalcondition
73	0	132	2	medicalcondition
73	0	160	2	medicalcondition
74	0	160	3	medicalcondition
74	0	8	3	medicalcondition
74	0	157	4	medicalcondition
74	0	159	3	medicalcondition
74	0	18	3	medicalcondition
74	0	161	2	medicalcondition
74	0	151	1	medicalcondition
74	0	156	2	medicalcondition
74	0	14	2	medicalcondition
74	0	158	1	medicalcondition
74	0	137	4	medicalcondition
74	0	147	4	medicalcondition
74	0	153	1	medicalcondition
74	0	152	3	medicalcondition
74	0	11	1	medicalcondition
74	0	148	2	medicalcondition
74	0	150	2	medicalcondition
74	0	162	2	medicalcondition
74	0	16	4	medicalcondition
74	0	163	2	medicalcondition
75	0	164	2	anatomicalsystem
75	0	128	2	anatomicalsystem
75	0	146	2	anatomicalsystem
75	0	165	2	anatomicalsystem
75	0	147	2	anatomicalsystem
75	0	137	3	anatomicalsystem
75	0	14	2	anatomicalsystem
75	0	132	2	anatomicalsystem
75	0	166	2	anatomicalsystem
75	0	18	2	anatomicalsystem
75	0	167	2	anatomicalsystem
75	0	11	2	anatomicalsystem
75	0	13	2	anatomicalsystem
76	0	137	3	medicalcondition
76	0	150	3	medicalcondition
76	0	148	2	medicalcondition
76	0	161	2	medicalcondition
76	0	163	3	medicalcondition
76	0	157	3	medicalcondition
76	0	168	2	medicalcondition
76	0	8	2	medicalcondition
76	0	169	3	medicalcondition
76	0	159	4	medicalcondition
76	0	153	2	medicalcondition
76	0	160	2	medicalcondition
76	0	151	2	medicalcondition
76	0	158	2	medicalcondition
76	0	3	2	medicalcondition
76	0	152	3	medicalcondition
76	0	156	2	medicalcondition
76	0	155	2	medicalcondition
76	0	17	3	medicalcondition
76	0	170	2	medicalcondition
76	0	13	2	medicalcondition
76	0	145	4	medicalcondition
77	0	132	2	anatomicalsystem
77	0	18	2	anatomicalsystem
77	0	166	2	anatomicalsystem
77	0	146	4	anatomicalsystem
77	0	167	2	anatomicalsystem
77	0	8	1	anatomicalsystem
77	0	165	1	anatomicalsystem
77	0	171	3	anatomicalsystem
77	0	17	3	anatomicalsystem
77	0	13	1	anatomicalsystem
77	0	147	2	anatomicalsystem
77	0	164	2	anatomicalsystem
77	0	3	4	anatomicalsystem
77	0	14	2	anatomicalsystem
77	0	145	2	anatomicalsystem
77	0	128	4	anatomicalsystem
77	0	137	4	anatomicalsystem
78	0	159	4	medicalcondition
78	0	132	3	medicalcondition
78	0	137	2	medicalcondition
78	0	151	3	medicalcondition
78	0	11	3	medicalcondition
78	0	169	2	medicalcondition
78	0	157	3	medicalcondition
78	0	168	3	medicalcondition
78	0	149	2	medicalcondition
78	0	18	3	medicalcondition
78	0	8	2	medicalcondition
78	0	154	3	medicalcondition
78	0	153	2	medicalcondition
78	0	170	3	medicalcondition
78	0	159	2	medicalcondition
78	0	17	1	medicalcondition
78	0	161	3	medicalcondition
78	0	155	3	medicalcondition
78	0	152	4	medicalcondition
78	0	158	2	medicalcondition
78	0	162	4	medicalcondition
78	0	150	3	medicalcondition
78	0	3	1	medicalcondition
78	0	163	2	medicalcondition
79	0	149	3	medicalcondition
79	0	151	2	medicalcondition
79	0	153	3	medicalcondition
79	0	154	3	medicalcondition
79	0	161	3	medicalcondition
79	0	3	2	medicalcondition
79	0	8	2	medicalcondition
79	0	137	3	medicalcondition
79	0	168	2	medicalcondition
79	0	156	4	medicalcondition
79	0	18	2	medicalcondition
79	0	11	2	medicalcondition
79	0	152	2	medicalcondition
79	0	158	2	medicalcondition
79	0	150	3	medicalcondition
79	0	157	2	medicalcondition
79	0	162	3	medicalcondition
79	0	17	2	medicalcondition
79	0	169	1	medicalcondition
79	0	163	4	medicalcondition
79	0	160	3	medicalcondition
79	0	155	3	medicalcondition
80	0	128	3	anatomicalsystem
80	0	166	2	anatomicalsystem
80	0	146	2	anatomicalsystem
80	0	165	3	anatomicalsystem
80	0	8	2	anatomicalsystem
80	0	3	1	anatomicalsystem
80	0	132	3	anatomicalsystem
80	0	147	2	anatomicalsystem
80	0	11	2	anatomicalsystem
80	0	171	1	anatomicalsystem
80	0	164	2	anatomicalsystem
80	0	167	2	anatomicalsystem
80	0	17	3	anatomicalsystem
81	0	172	2	drug
81	0	173	3	drug
81	0	174	3	drug
81	0	175	2	drug
81	0	132	2	drug
81	0	176	2	drug
81	0	177	2	drug
81	0	178	2	drug
81	0	137	4	drug
81	0	179	2	drug
81	0	180	3	drug
81	0	181	2	drug
81	0	182	2	drug
81	0	14	2	drug
81	0	183	3	drug
81	0	18	4	drug
81	0	8	3	drug
81	0	184	2	drug
81	0	160	2	drug
81	0	185	2	drug
81	0	186	2	drug
81	0	3	3	drug
82	0	132	3	anatomicalsystem
82	0	167	2	anatomicalsystem
82	0	14	2	anatomicalsystem
82	0	165	2	anatomicalsystem
82	0	166	4	anatomicalsystem
82	0	146	2	anatomicalsystem
82	0	128	3	anatomicalsystem
82	0	18	1	anatomicalsystem
82	0	3	2	anatomicalsystem
82	0	145	3	anatomicalsystem
82	0	11	2	anatomicalsystem
82	0	164	2	anatomicalsystem
82	0	8	2	anatomicalsystem
83	0	167	2	anatomicalsystem
83	0	14	4	anatomicalsystem
83	0	11	2	anatomicalsystem
83	0	132	4	anatomicalsystem
83	0	164	1	anatomicalsystem
83	0	147	2	anatomicalsystem
83	0	165	2	anatomicalsystem
83	0	8	2	anatomicalsystem
83	0	171	4	anatomicalsystem
83	0	166	1	anatomicalsystem
83	0	137	3	anatomicalsystem
84	0	11	2	medicalintangible
84	0	137	2	medicalintangible
84	0	132	3	medicalintangible
84	0	160	2	medicalintangible
84	0	14	1	medicalintangible
85	0	163	4	medicalcondition
85	0	161	3	medicalcondition
85	0	159	2	medicalcondition
85	0	152	3	medicalcondition
85	0	18	2	medicalcondition
85	0	158	2	medicalcondition
85	0	137	2	medicalcondition
85	0	155	2	medicalcondition
85	0	3	2	medicalcondition
85	0	150	2	medicalcondition
85	0	149	3	medicalcondition
85	0	11	1	medicalcondition
85	0	160	2	medicalcondition
85	0	168	2	medicalcondition
85	0	14	4	medicalcondition
85	0	8	2	medicalcondition
85	0	156	2	medicalcondition
85	0	132	2	medicalcondition
85	0	153	3	medicalcondition
86	0	132	2	anatomicalsystem
86	0	166	3	anatomicalsystem
86	0	11	1	anatomicalsystem
86	0	164	4	anatomicalsystem
86	0	147	2	anatomicalsystem
86	0	16	3	anatomicalsystem
86	0	167	3	anatomicalsystem
86	0	128	4	anatomicalsystem
86	0	3	2	anatomicalsystem
86	0	137	2	anatomicalsystem
86	0	171	2	anatomicalsystem
86	0	165	2	anatomicalsystem
86	0	14	1	anatomicalsystem
86	0	13	1	anatomicalsystem
86	0	146	1	anatomicalsystem
87	0	157	2	medicalcondition
87	0	162	1	medicalcondition
87	0	151	3	medicalcondition
87	0	155	3	medicalcondition
87	0	11	2	medicalcondition
87	0	158	2	medicalcondition
87	0	132	4	medicalcondition
87	0	159	3	medicalcondition
87	0	18	1	medicalcondition
87	0	148	1	medicalcondition
87	0	153	2	medicalcondition
87	0	160	3	medicalcondition
87	0	145	2	medicalcondition
87	0	168	4	medicalcondition
87	0	146	4	medicalcondition
87	0	16	4	medicalcondition
87	0	150	2	medicalcondition
87	0	161	2	medicalcondition
87	0	8	2	medicalcondition
87	0	137	4	medicalcondition
87	0	147	2	medicalcondition
87	0	152	3	medicalcondition
87	0	163	3	medicalcondition
87	0	14	2	medicalcondition
87	0	154	2	medicalcondition
87	0	157	3	medicalcondition
88	0	149	3	medicalcondition
88	0	154	4	medicalcondition
88	0	11	2	medicalcondition
88	0	148	2	medicalcondition
88	0	137	2	medicalcondition
88	0	156	1	medicalcondition
88	0	150	3	medicalcondition
88	0	160	1	medicalcondition
88	0	163	3	medicalcondition
88	0	161	3	medicalcondition
88	0	170	2	medicalcondition
88	0	17	2	medicalcondition
88	0	157	1	medicalcondition
88	0	152	1	medicalcondition
88	0	159	4	medicalcondition
88	0	13	2	medicalcondition
88	0	132	3	medicalcondition
88	0	169	2	medicalcondition
88	0	158	4	medicalcondition
88	0	8	4	medicalcondition
88	0	153	4	medicalcondition
88	0	162	3	medicalcondition
88	0	151	3	medicalcondition
88	0	168	2	medicalcondition
88	0	153	3	medicalcondition
89	0	137	3	substance
89	0	174	4	substance
89	0	11	2	substance
89	0	3	3	substance
89	0	18	4	substance
89	0	8	2	substance
89	0	181	2	substance
89	0	16	2	substance
89	0	147	3	substance
89	0	7	1	substance
89	0	132	2	substance
90	0	160	1	substance
90	0	111	4	substance
90	0	132	3	substance
90	0	7	2	substance
90	0	8	1	substance
90	0	174	3	substance
90	0	181	4	substance
90	0	3	2	substance
90	0	145	2	substance
90	0	13	2	substance
91	0	11	2	parasiticdisease
91	0	132	4	parasiticdisease
91	0	128	2	parasiticdisease
91	0	137	4	parasiticdisease
91	0	160	2	parasiticdisease
91	0	17	2	parasiticdisease
91	0	146	2	parasiticdisease
91	0	18	2	parasiticdisease
91	0	13	1	parasiticdisease
92	0	169	2	medicalcondition
92	0	154	4	medicalcondition
92	0	168	2	medicalcondition
92	0	156	3	medicalcondition
92	0	151	2	medicalcondition
92	0	152	1	medicalcondition
92	0	18	3	medicalcondition
92	0	149	3	medicalcondition
92	0	159	3	medicalcondition
92	0	160	1	medicalcondition
92	0	155	2	medicalcondition
92	0	137	2	medicalcondition
92	0	162	4	medicalcondition
92	0	158	2	medicalcondition
92	0	132	3	medicalcondition
92	0	163	2	medicalcondition
92	0	14	2	medicalcondition
92	0	11	4	medicalcondition
92	0	17	2	medicalcondition
92	0	150	3	medicalcondition
92	0	170	3	medicalcondition
92	0	157	3	medicalcondition
92	0	153	2	medicalcondition
92	0	8	3	medicalcondition
93	0	128	2	medicalintangible
93	0	160	4	medicalintangible
93	0	137	2	medicalintangible
93	0	146	2	medicalintangible
93	0	145	4	medicalintangible
93	0	11	3	medicalintangible
93	0	14	1	medicalintangible
93	0	132	2	medicalintangible
93	0	7	2	medicalintangible
93	0	111	2	medicalintangible
94	0	187	2	corporation
94	0	3	3	corporation
94	0	116	4	corporation
94	0	188	2	corporation
94	0	189	2	corporation
94	0	190	3	corporation
94	0	113	2	corporation
94	0	99	3	corporation
94	0	191	4	corporation
94	0	13	4	corporation
94	0	63	3	corporation
94	0	192	2	corporation
94	0	193	1	corporation
94	0	113	2	corporation
95	0	15	2	corporation
95	0	189	3	corporation
95	0	8	1	corporation
95	0	13	2	corporation
95	0	190	2	corporation
95	0	194	4	corporation
95	0	188	2	corporation
95	0	113	2	corporation
95	0	63	2	corporation
95	0	116	2	corporation
95	0	195	3	corporation
95	0	196	2	corporation
95	0	197	4	corporation
95	0	198	2	corporation
95	0	199	2	corporation
95	0	200	2	corporation
96	0	3	2	corporation
96	0	201	4	corporation
96	0	122	4	corporation
96	0	113	2	corporation
96	0	51	4	corporation
96	0	200	3	corporation
96	0	116	2	corporation
96	0	198	2	corporation
96	0	63	2	corporation
96	0	188	2	corporation
96	0	193	4	corporation
96	0	202	2	corporation
96	0	15	2	corporation
96	0	203	4	corporation
96	0	194	2	corporation
96	0	14	3	corporation
97	0	199	2	corporation
97	0	197	1	corporation
97	0	63	2	corporation
97	0	188	3	corporation
97	0	196	2	corporation
97	0	8	2	corporation
97	0	126	2	corporation
97	0	204	3	corporation
97	0	200	2	corporation
97	0	189	2	corporation
97	0	190	1	corporation
97	0	122	2	corporation
97	0	51	3	corporation
97	0	205	3	corporation
97	0	193	4	corporation
97	0	203	2	corporation
97	0	113	2	corporation
97	0	3	4	corporation
97	0	206	3	corporation
97	0	116	2	corporation
97	0	15	2	corporation
97	0	207	2	corporation
97	0	18	2	corporation
97	0	99	2	corporation
97	0	14	4	corporation
97	0	13	1	corporation
98	0	206	2	corporation
98	0	197	1	corporation
98	0	191	2	corporation
98	0	202	3	corporation
98	0	208	4	corporation
98	0	15	3	corporation
98	0	190	3	corporation
98	0	116	3	corporation
98	0	209	2	corporation
98	0	201	4	corporation
98	0	113	3	corporation
98	0	189	2	corporation
98	0	63	2	corporation
98	0	210	2	corporation
98	0	13	2	corporation
98	0	193	2	corporation
98	0	8	2	corporation
98	0	194	3	corporation
98	0	17	1	corporation
98	0	99	2	corporation
99	0	51	4	sportsorganization
99	0	206	2	sportsorganization
99	0	113	3	sportsorganization
99	0	211	2	sportsorganization
99	0	194	2	sportsorganization
99	0	190	4	sportsorganization
99	0	3	2	sportsorganization
99	0	192	3	sportsorganization
99	0	197	2	sportsorganization
99	0	188	2	sportsorganization
99	0	18	2	sportsorganization
99	0	15	2	sportsorganization
99	0	99	2	sportsorganization
99	0	196	4	sportsorganization
99	0	63	2	sportsorganization
99	0	16	2	sportsorganization
99	0	126	4	sportsorganization
99	0	201	2	sportsorganization
99	0	200	4	sportsorganization
100	0	206	2	sportsorganization
100	0	203	2	sportsorganization
100	0	109	2	sportsorganization
100	0	190	1	sportsorganization
100	0	212	2	sportsorganization
100	0	16	2	sportsorganization
100	0	192	3	sportsorganization
100	0	14	2	sportsorganization
100	0	15	3	sportsorganization
100	0	211	2	sportsorganization
100	0	51	3	sportsorganization
100	0	200	2	sportsorganization
100	0	201	2	sportsorganization
100	0	113	2	sportsorganization
100	0	116	1	sportsorganization
100	0	63	1	sportsorganization
100	0	3	2	sportsorganization
100	0	202	3	sportsorganization
100	0	99	2	sportsorganization
100	0	8	2	sportsorganization
100	0	193	2	sportsorganization
101	0	63	2	broadcastchannel
101	0	213	2	broadcastchannel
101	0	113	2	broadcastchannel
101	0	214	2	broadcastchannel
101	0	188	2	broadcastchannel
101	0	206	2	broadcastchannel
101	0	194	2	broadcastchannel
101	0	51	3	broadcastchannel
101	0	201	1	broadcastchannel
101	0	16	4	broadcastchannel
101	0	210	1	broadcastchannel
101	0	190	2	broadcastchannel
101	0	215	3	broadcastchannel
101	0	15	2	broadcastchannel
101	0	200	3	broadcastchannel
101	0	18	4	broadcastchannel
101	0	193	3	broadcastchannel
101	0	196	2	broadcastchannel
101	0	216	4	broadcastchannel
101	0	99	3	broadcastchannel
101	0	109	2	broadcastchannel
101	0	116	2	broadcastchannel
101	0	14	2	broadcastchannel
102	0	193	3	corporation
102	0	15	2	corporation
102	0	188	3	corporation
102	0	113	2	corporation
102	0	201	4	corporation
102	0	207	1	corporation
102	0	122	3	corporation
102	0	210	2	corporation
102	0	187	1	corporation
102	0	199	2	corporation
102	0	194	2	corporation
102	0	190	2	corporation
102	0	63	2	corporation
102	0	200	1	corporation
102	0	204	2	corporation
102	0	217	4	corporation
102	0	14	2	corporation
102	0	206	4	corporation
102	0	198	2	corporation
102	0	51	1	corporation
102	0	116	4	corporation
102	0	18	1	corporation
102	0	189	3	corporation
103	0	15	2	sportsorganization
103	0	204	2	sportsorganization
103	0	198	4	sportsorganization
103	0	210	4	sportsorganization
103	0	206	3	sportsorganization
103	0	193	2	sportsorganization
103	0	201	2	sportsorganization
103	0	113	2	sportsorganization
103	0	189	3	sportsorganization
103	0	3	2	sportsorganization
103	0	196	2	sportsorganization
103	0	14	3	sportsorganization
103	0	200	2	sportsorganization
103	0	191	3	sportsorganization
103	0	211	3	sportsorganization
103	0	99	2	sportsorganization
103	0	15	3	sportsorganization
104	0	122	3	corporation
104	0	122	3	corporation
104	0	51	2	corporation
104	0	201	3	corporation
104	0	193	3	corporation
104	0	18	1	corporation
104	0	188	1	corporation
104	0	190	3	corporation
104	0	206	1	corporation
104	0	99	1	corporation
104	0	194	4	corporation
104	0	15	3	corporation
104	0	210	3	corporation
104	0	187	2	corporation
104	0	113	3	corporation
104	0	209	2	corporation
104	0	200	4	corporation
104	0	199	2	corporation
104	0	202	3	corporation
104	0	203	2	corporation
104	0	63	3	corporation
104	0	192	2	corporation
104	0	116	3	corporation
104	0	14	2	corporation
104	0	8	3	corporation
105	0	196	1	corporation
105	0	15	2	corporation
105	0	14	2	corporation
105	0	116	1	corporation
105	0	194	3	corporation
105	0	202	3	corporation
105	0	18	2	corporation
105	0	122	3	corporation
105	0	198	2	corporation
105	0	192	2	corporation
105	0	189	2	corporation
105	0	193	2	corporation
105	0	199	2	corporation
105	0	3	2	corporation
105	0	99	4	corporation
105	0	200	2	corporation
105	0	190	1	corporation
105	0	188	2	corporation
105	0	206	2	corporation
105	0	208	2	corporation
105	0	210	2	corporation
105	0	197	2	corporation
105	0	16	1	corporation
105	0	203	3	corporation
106	0	192	3	corporation
106	0	203	2	corporation
106	0	109	3	corporation
106	0	99	2	corporation
106	0	194	2	corporation
106	0	188	3	corporation
106	0	15	1	corporation
106	0	206	4	corporation
106	0	63	2	corporation
106	0	193	3	corporation
106	0	126	2	corporation
106	0	116	3	corporation
106	0	113	2	corporation
107	0	192	2	governmentorganization
107	0	15	3	governmentorganization
107	0	195	4	governmentorganization
107	0	194	1	governmentorganization
107	0	11	3	governmentorganization
107	0	204	3	governmentorganization
107	0	18	3	governmentorganization
107	0	193	4	governmentorganization
107	0	198	3	governmentorganization
107	0	196	2	governmentorganization
107	0	190	2	governmentorganization
107	0	99	2	governmentorganization
107	0	189	2	governmentorganization
107	0	202	2	governmentorganization
107	0	200	2	governmentorganization
107	0	208	3	governmentorganization
107	0	199	2	governmentorganization
107	0	113	3	governmentorganization
107	0	3	4	governmentorganization
107	0	209	3	governmentorganization
107	0	51	3	governmentorganization
107	0	201	3	governmentorganization
107	0	192	3	governmentorganization
108	0	116	1	sportsorganization
108	0	192	2	sportsorganization
108	0	195	4	sportsorganization
108	0	99	2	sportsorganization
108	0	200	2	sportsorganization
108	0	211	3	sportsorganization
108	0	188	3	sportsorganization
108	0	63	2	sportsorganization
108	0	201	2	sportsorganization
108	0	212	3	sportsorganization
108	0	14	4	sportsorganization
108	0	109	1	sportsorganization
108	0	217	3	sportsorganization
108	0	206	3	sportsorganization
108	0	15	4	sportsorganization
108	0	113	2	sportsorganization
108	0	194	3	sportsorganization
108	0	126	2	sportsorganization
108	0	18	2	sportsorganization
108	0	51	1	sportsorganization
108	0	3	2	sportsorganization
109	0	63	2	sportsorganization
109	0	3	2	sportsorganization
109	0	206	2	sportsorganization
109	0	15	2	sportsorganization
109	0	14	3	sportsorganization
109	0	51	4	sportsorganization
109	0	116	2	sportsorganization
109	0	192	1	sportsorganization
109	0	113	2	sportsorganization
109	0	196	4	sportsorganization
109	0	203	2	sportsorganization
109	0	122	4	sportsorganization
109	0	211	4	sportsorganization
109	0	210	2	sportsorganization
109	0	193	2	sportsorganization
109	0	18	3	sportsorganization
109	0	217	2	sportsorganization
110	0	193	2	sportsorganization
110	0	192	1	sportsorganization
110	0	206	1	sportsorganization
110	0	209	2	sportsorganization
110	0	211	2	sportsorganization
110	0	122	2	sportsorganization
110	0	202	4	sportsorganization
110	0	109	1	sportsorganization
110	0	194	2	sportsorganization
110	0	197	2	sportsorganization
110	0	51	3	sportsorganization
110	0	201	2	sportsorganization
110	0	196	3	sportsorganization
110	0	190	2	sportsorganization
110	0	188	2	sportsorganization
110	0	18	1	sportsorganization
110	0	198	2	sportsorganization
110	0	126	3	sportsorganization
110	0	3	2	sportsorganization
110	0	200	4	sportsorganization
111	0	218	4	musicgroup
111	0	3	2	musicgroup
111	0	194	2	musicgroup
111	0	200	2	musicgroup
111	0	190	2	musicgroup
111	0	54	4	musicgroup
111	0	8	3	musicgroup
111	0	13	1	musicgroup
111	0	116	3	musicgroup
111	0	201	1	musicgroup
111	0	212	2	musicgroup
112	0	99	1	company
112	0	192	1	company
112	0	201	2	company
112	0	204	2	company
112	0	16	2	company
112	0	116	2	company
112	0	15	2	company
112	0	193	2	company
112	0	113	2	company
112	0	18	2	company
112	0	187	4	company
112	0	194	1	company
112	0	63	3	company
112	0	8	2	company
112	0	190	3	company
112	0	203	3	company
112	0	206	3	company
112	0	122	2	company
112	0	14	2	company
112	0	188	3	company
112	0	199	3	company
112	0	3	2	company
113	0	51	4	sportsorganization
113	0	99	2	sportsorganization
113	0	217	3	sportsorganization
113	0	202	2	sportsorganization
113	0	200	3	sportsorganization
113	0	113	2	sportsorganization
113	0	188	2	sportsorganization
113	0	205	2	sportsorganization
113	0	211	2	sportsorganization
113	0	63	2	sportsorganization
113	0	15	4	sportsorganization
113	0	190	2	sportsorganization
113	0	16	4	sportsorganization
113	0	3	3	sportsorganization
113	0	13	2	sportsorganization
114	0	15	2	corporation
114	0	200	2	corporation
114	0	18	2	corporation
114	0	201	2	corporation
114	0	188	2	corporation
114	0	196	3	corporation
114	0	203	2	corporation
114	0	51	4	corporation
114	0	193	3	corporation
114	0	14	2	corporation
114	0	199	2	corporation
114	0	63	2	corporation
114	0	210	2	corporation
114	0	113	4	corporation
114	0	116	2	corporation
114	0	3	3	corporation
115	0	63	2	company
115	0	194	2	company
115	0	199	3	company
115	0	122	2	company
115	0	11	3	company
115	0	207	2	company
115	0	206	2	company
115	0	116	1	company
115	0	15	2	company
115	0	190	2	company
115	0	51	3	company
115	0	198	2	company
115	0	193	2	company
115	0	18	2	company
115	0	99	1	company
115	0	189	3	company
115	0	210	2	company
116	0	206	3	ngo
116	0	194	2	ngo
116	0	15	2	ngo
116	0	18	2	ngo
116	0	116	2	ngo
116	0	207	3	ngo
116	0	11	1	ngo
116	0	96	1	ngo
116	0	63	1	ngo
116	0	217	2	ngo
116	0	3	4	ngo
116	0	187	2	ngo
116	0	198	2	ngo
116	0	190	2	ngo
116	0	122	2	ngo
116	0	193	2	ngo
116	0	200	4	ngo
116	0	192	2	ngo
116	0	51	4	ngo
116	0	209	4	ngo
117	0	113	1	sportsorganization
117	0	196	2	sportsorganization
117	0	212	2	sportsorganization
117	0	3	3	sportsorganization
117	0	211	4	sportsorganization
117	0	189	2	sportsorganization
117	0	99	2	sportsorganization
117	0	202	2	sportsorganization
117	0	206	2	sportsorganization
117	0	15	1	sportsorganization
117	0	63	2	sportsorganization
117	0	200	2	sportsorganization
117	0	190	4	sportsorganization
117	0	188	4	sportsorganization
117	0	51	1	sportsorganization
117	0	201	2	sportsorganization
117	0	14	2	sportsorganization
117	0	203	2	sportsorganization
117	0	192	3	sportsorganization
117	0	109	2	sportsorganization
118	0	195	2	airline
118	0	189	3	airline
118	0	201	2	airline
118	0	3	1	airline
118	0	122	3	airline
118	0	126	2	airline
118	0	187	2	airline
118	0	207	3	airline
118	0	15	3	airline
118	0	206	2	airline
118	0	18	4	airline
118	0	200	3	airline
118	0	116	1	airline
118	0	51	2	airline
118	0	217	4	airline
118	0	190	2	airline
118	0	199	1	airline
118	0	16	2	airline
118	0	219	2	airline
118	0	220	2	airline
118	0	196	2	airline
118	0	188	2	airline
118	0	63	2	airline
118	0	99	4	airline
118	0	14	2	airline
119	0	197	1	corporation
119	0	208	2	corporation
119	0	3	3	corporation
119	0	202	2	corporation
119	0	196	2	corporation
119	0	192	2	corporation
119	0	116	4	corporation
119	0	113	3	corporation
119	0	188	4	corporation
119	0	201	1	corporation
119	0	199	3	corporation
119	0	63	2	corporation
119	0	203	2	corporation
119	0	193	2	corporation
119	0	99	2	corporation
119	0	187	2	corporation
119	0	198	2	corporation
119	0	207	2	corporation
119	0	126	2	corporation
120	0	63	3	corporation
120	0	113	2	corporation
120	0	208	1	corporation
120	0	194	2	corporation
120	0	199	3	corporation
120	0	206	2	corporation
120	0	196	2	corporation
120	0	198	2	corporation
120	0	109	2	corporation
120	0	217	2	corporation
120	0	116	1	corporation
120	0	122	1	corporation
120	0	15	4	corporation
120	0	188	2	corporation
120	0	190	2	corporation
120	0	18	2	corporation
120	0	193	3	corporation
120	0	197	3	corporation
120	0	191	2	corporation
120	0	204	2	corporation
120	0	99	1	corporation
120	0	200	1	corporation
121	0	198	3	corporation
121	0	189	3	corporation
121	0	199	3	corporation
121	0	51	2	corporation
121	0	63	2	corporation
121	0	207	2	corporation
121	0	204	1	corporation
121	0	15	3	corporation
121	0	205	2	corporation
121	0	13	3	corporation
121	0	116	2	corporation
121	0	196	2	corporation
121	0	113	2	corporation
121	0	190	2	corporation
121	0	200	2	corporation
121	0	3	2	corporation
121	0	194	3	corporation
121	0	210	4	corporation
121	0	188	2	corporation
121	0	18	2	corporation
121	0	206	3	corporation
121	0	99	2	corporation
122	0	18	1	collegeoruniversity
122	0	15	1	collegeoruniversity
122	0	194	4	collegeoruniversity
122	0	200	2	collegeoruniversity
122	0	126	2	collegeoruniversity
122	0	189	2	collegeoruniversity
122	0	203	3	collegeoruniversity
122	0	201	2	collegeoruniversity
122	0	122	3	collegeoruniversity
122	0	197	2	collegeoruniversity
122	0	188	4	collegeoruniversity
122	0	51	2	collegeoruniversity
122	0	193	4	collegeoruniversity
122	0	198	1	collegeoruniversity
122	0	63	2	collegeoruniversity
122	0	192	2	collegeoruniversity
122	0	196	3	collegeoruniversity
122	0	212	4	collegeoruniversity
122	0	204	3	collegeoruniversity
123	0	221	1	person
123	0	222	2	person
123	0	196	2	person
123	0	122	2	person
123	0	223	2	person
123	0	11	1	person
123	0	198	2	person
123	0	224	2	person
123	0	14	2	person
123	0	3	2	person
123	0	225	1	person
123	0	226	4	person
123	0	227	2	person
123	0	228	4	person
123	0	99	3	person
123	0	229	2	person
123	0	96	2	person
124	0	3	2	person
124	0	230	3	person
124	0	11	3	person
124	0	224	2	person
124	0	231	1	person
124	0	18	2	person
124	0	208	2	person
124	0	14	2	person
124	0	232	3	person
124	0	210	4	person
124	0	233	4	person
124	0	234	2	person
124	0	190	2	person
125	0	235	4	person
125	0	233	2	person
125	0	14	2	person
125	0	229	2	person
125	0	8	2	person
125	0	225	3	person
125	0	207	2	person
125	0	236	2	person
125	0	224	3	person
125	0	237	2	person
125	0	227	3	person
125	0	228	2	person
125	0	234	2	person
125	0	18	1	person
125	0	232	3	person
125	0	222	2	person
125	0	217	2	person
125	0	51	2	person
125	0	3	2	person
126	0	51	2	person
126	0	238	3	person
126	0	235	2	person
126	0	207	4	person
126	0	229	4	person
126	0	233	2	person
126	0	190	2	person
126	0	239	4	person
126	0	230	2	person
126	0	240	2	person
126	0	228	2	person
126	0	236	2	person
126	0	16	2	person
126	0	241	3	person
126	0	116	2	person
126	0	217	2	person
126	0	222	2	person
126	0	232	4	person
127	0	229	1	person
127	0	224	2	person
127	0	207	1	person
127	0	11	4	person
127	0	236	4	person
127	0	227	3	person
127	0	51	2	person
127	0	238	1	person
127	0	3	3	person
127	0	99	1	person
128	0	224	1	person
128	0	241	2	person
128	0	240	3	person
128	0	232	2	person
128	0	226	2	person
128	0	242	2	person
128	0	190	3	person
128	0	243	3	person
128	0	197	2	person
128	0	228	2	person
128	0	223	3	person
128	0	51	2	person
128	0	233	2	person
128	0	188	2	person
128	0	221	2	person
128	0	235	2	person
128	0	236	4	person
128	0	230	2	person
128	0	239	2	person
128	0	207	2	person
128	0	237	2	person
128	0	116	3	person
128	0	3	2	person
129	0	190	1	person
129	0	14	3	person
129	0	234	2	person
129	0	236	2	person
129	0	226	2	person
129	0	241	2	person
129	0	229	2	person
129	0	196	4	person
129	0	230	2	person
129	0	228	2	person
129	0	238	4	person
129	0	207	2	person
129	0	224	2	person
129	0	51	2	person
129	0	16	2	person
129	0	3	3	person
130	0	3	3	person
130	0	228	1	person
130	0	237	1	person
130	0	207	1	person
130	0	235	2	person
130	0	190	2	person
130	0	232	4	person
130	0	51	2	person
130	0	224	4	person
130	0	187	3	person
130	0	227	2	person
131	0	227	1	person
131	0	239	2	person
131	0	240	2	person
131	0	244	2	person
131	0	51	2	person
131	0	237	4	person
131	0	14	2	person
131	0	235	2	person
131	0	217	1	person
131	0	232	2	person
131	0	190	1	person
131	0	207	2	person
131	0	230	1	person
131	0	16	2	person
131	0	241	4	person
131	0	238	2	person
131	0	228	4	person
131	0	233	4	person
131	0	223	2	person
131	0	196	2	person
131	0	3	3	person
132	0	244	1	person
132	0	241	2	person
132	0	240	3	person
132	0	245	3	person
132	0	238	4	person
132	0	224	2	person
132	0	229	4	person
132	0	8	2	person
132	0	230	1	person
132	0	231	1	person
132	0	116	4	person
132	0	18	1	person
133	0	14	4	person
133	0	233	3	person
133	0	245	2	person
133	0	221	3	person
133	0	228	2	person
133	0	3	3	person
133	0	229	2	person
133	0	242	4	person
133	0	16	1	person
133	0	190	2	person
133	0	224	3	person
133	0	116	2	person
133	0	234	2	person
133	0	51	2	person
133	0	201	3	person
134	0	3	1	person
134	0	221	3	person
134	0	246	1	person
134	0	51	2	person
134	0	14	3	person
134	0	245	2	person
134	0	201	3	person
134	0	227	2	person
134	0	243	4	person
134	0	198	2	person
134	0	223	3	person
134	0	232	2	person
134	0	240	3	person
134	0	188	3	person
134	0	235	3	person
134	0	238	2	person
134	0	233	4	person
135	0	241	3	person
135	0	99	2	person
135	0	207	2	person
135	0	233	1	person
135	0	196	2	person
135	0	188	2	person
135	0	210	2	person
135	0	122	2	person
135	0	201	1	person
135	0	232	2	person
135	0	238	4	person
135	0	230	2	person
135	0	229	2	person
135	0	228	4	person
136	0	196	1	person
136	0	8	1	person
136	0	14	2	person
136	0	243	4	person
136	0	232	1	person
136	0	241	3	person
136	0	230	1	person
136	0	221	2	person
136	0	223	2	person
136	0	245	2	person
136	0	233	2	person
136	0	229	1	person
136	0	224	2	person
136	0	201	4	person
136	0	198	2	person
136	0	239	2	person
136	0	18	4	person
137	0	221	4	person
137	0	116	2	person
137	0	51	4	person
137	0	18	2	person
137	0	243	1	person
137	0	226	1	person
137	0	14	1	person
137	0	224	4	person
137	0	239	2	person
137	0	235	1	person
137	0	240	3	person
137	0	188	2	person
137	0	223	4	person
138	0	238	2	person
138	0	224	2	person
138	0	232	2	person
138	0	196	2	person
138	0	51	2	person
138	0	217	2	person
138	0	190	1	person
138	0	231	1	person
138	0	244	2	person
138	0	229	2	person
138	0	228	2	person
138	0	116	2	person
138	0	16	3	person
138	0	3	2	person
139	0	241	2	person
139	0	224	3	person
139	0	8	1	person
139	0	227	2	person
139	0	201	3	person
139	0	51	2	person
139	0	235	1	person
139	0	14	1	person
139	0	190	2	person
139	0	232	2	person
139	0	225	2	person
139	0	238	3	person
139	0	229	2	person
139	0	122	2	person
139	0	207	3	person
140	0	245	2	person
140	0	239	2	person
140	0	238	2	person
140	0	196	1	person
140	0	242	2	person
140	0	18	1	person
140	0	16	1	person
140	0	191	3	person
140	0	236	1	person
140	0	190	1	person
140	0	51	3	person
140	0	96	2	person
140	0	240	2	person
140	0	232	4	person
140	0	116	3	person
140	0	246	1	person
140	0	221	2	person
141	0	243	3	person
141	0	229	3	person
141	0	99	2	person
141	0	241	2	person
141	0	3	1	person
141	0	247	1	person
141	0	223	3	person
141	0	221	2	person
141	0	224	2	person
141	0	187	2	person
141	0	188	3	person
141	0	190	3	person
141	0	196	2	person
141	0	16	3	person
141	0	233	2	person
141	0	14	3	person
141	0	238	2	person
141	0	232	2	person
142	0	229	2	person
142	0	227	2	person
142	0	190	2	person
142	0	241	2	person
142	0	3	1	person
142	0	246	4	person
142	0	240	2	person
142	0	14	2	person
142	0	201	4	person
142	0	228	2	person
142	0	116	2	person
142	0	238	3	person
142	0	224	2	person
142	0	236	1	person
142	0	243	1	person
142	0	233	4	person
142	0	208	3	person
142	0	51	2	person
142	0	232	2	person
143	0	225	2	person
143	0	224	4	person
143	0	228	2	person
143	0	14	1	person
143	0	51	1	person
143	0	235	4	person
143	0	233	4	person
143	0	232	2	person
143	0	229	2	person
143	0	221	1	person
143	0	188	2	person
144	0	14	2	place
144	0	113	4	place
144	0	200	2	place
144	0	199	2	place
144	0	63	2	place
144	0	248	1	place
144	0	13	2	place
144	0	249	1	place
144	0	250	2	place
145	0	251	2	place
145	0	8	2	place
145	0	199	4	place
145	0	252	2	place
145	0	13	3	place
145	0	11	3	place
145	0	201	4	place
145	0	253	2	place
145	0	249	2	place
145	0	200	1	place
145	0	18	2	place
145	0	187	2	place
145	0	208	2	place
145	0	110	2	place
145	0	248	1	place
146	0	109	2	place
146	0	254	2	place
146	0	199	2	place
146	0	187	2	place
146	0	16	1	place
146	0	63	1	place
146	0	17	4	place
146	0	3	2	place
146	0	248	2	place
146	0	113	2	place
146	0	253	1	place
146	0	13	2	place
146	0	251	4	place
146	0	200	1	place
146	0	255	2	place
146	0	8	3	place
146	0	250	2	place
146	0	191	2	place
146	0	201	3	place
147	0	201	3	place
147	0	187	3	place
147	0	14	2	place
147	0	11	2	place
147	0	253	2	place
147	0	256	2	place
147	0	113	2	place
147	0	8	2	place
147	0	208	3	place
147	0	13	2	place
147	0	254	2	place
147	0	257	3	place
147	0	248	2	place
147	0	16	3	place
147	0	18	2	place
147	0	199	2	place
148	0	201	1	place
148	0	250	3	place
148	0	14	4	place
148	0	248	2	place
148	0	251	2	place
148	0	8	2	place
148	0	63	1	place
148	0	109	4	place
148	0	200	1	place
148	0	258	1	place
148	0	253	2	place
148	0	208	2	place
148	0	201	1	place
149	0	201	2	accommodation
149	0	259	2	accommodation
149	0	250	2	accommodation
149	0	191	4	accommodation
149	0	251	4	accommodation
149	0	199	3	accommodation
149	0	254	3	accommodation
149	0	187	2	accommodation
149	0	63	1	accommodation
149	0	249	3	accommodation
149	0	257	1	accommodation
149	0	248	4	accommodation
149	0	260	2	accommodation
149	0	261	2	accommodation
149	0	256	3	accommodation
149	0	14	4	accommodation
149	0	110	2	accommodation
149	0	8	2	accommodation
149	0	255	2	accommodation
149	0	3	3	accommodation
149	0	18	4	accommodation
149	0	201	3	accommodation
150	0	8	2	place
150	0	63	2	place
150	0	200	2	place
150	0	254	1	place
150	0	17	1	place
150	0	11	3	place
150	0	255	2	place
150	0	187	3	place
150	0	248	3	place
150	0	257	2	place
150	0	201	2	place
150	0	199	1	place
150	0	16	4	place
150	0	18	2	place
150	0	253	3	place
150	0	251	2	place
150	0	113	1	place
150	0	252	2	place
150	0	14	3	place
151	0	257	1	touristattoraction
151	0	201	1	touristattoraction
151	0	250	2	touristattoraction
151	0	255	2	touristattoraction
151	0	109	2	touristattoraction
151	0	253	2	touristattoraction
151	0	251	1	touristattoraction
151	0	187	1	touristattoraction
151	0	258	3	touristattoraction
151	0	63	4	touristattoraction
151	0	17	4	touristattoraction
151	0	13	3	touristattoraction
151	0	110	4	touristattoraction
151	0	3	2	touristattoraction
151	0	200	1	touristattoraction
151	0	18	2	touristattoraction
152	0	63	4	place
152	0	187	3	place
152	0	251	3	place
152	0	248	2	place
152	0	8	2	place
152	0	253	4	place
152	0	201	2	place
152	0	258	4	place
152	0	252	4	place
152	0	200	2	place
152	0	3	2	place
152	0	11	2	place
152	0	13	1	place
152	0	257	2	place
153	0	200	3	place
153	0	249	2	place
153	0	16	2	place
153	0	256	2	place
153	0	250	3	place
153	0	252	1	place
153	0	258	1	place
153	0	248	2	place
153	0	251	2	place
153	0	201	2	place
153	0	18	1	place
153	0	13	4	place
153	0	8	2	place
153	0	17	1	place
153	0	3	2	place
153	0	14	3	place
153	0	199	2	place
153	0	253	2	place
153	0	109	4	place
153	0	254	2	place
153	0	63	2	place
154	0	201	3	place
154	0	3	2	place
154	0	252	2	place
154	0	191	2	place
154	0	248	3	place
154	0	8	2	place
154	0	257	2	place
154	0	199	2	place
154	0	11	3	place
154	0	258	1	place
154	0	17	1	place
154	0	251	2	place
154	0	187	4	place
154	0	253	3	place
154	0	109	1	place
154	0	14	4	place
154	0	250	4	place
154	0	254	1	place
154	0	110	1	place
154	0	201	4	place
155	0	257	2	place
155	0	201	1	place
155	0	251	2	place
155	0	199	1	place
155	0	252	2	place
155	0	8	4	place
155	0	250	1	place
155	0	254	3	place
155	0	253	2	place
155	0	13	1	place
155	0	110	1	place
156	0	63	2	place
156	0	201	3	place
156	0	249	1	place
156	0	11	3	place
156	0	109	4	place
156	0	8	2	place
156	0	251	2	place
156	0	253	2	place
156	0	18	4	place
156	0	113	2	place
156	0	252	3	place
156	0	13	3	place
156	0	199	3	place
156	0	3	2	place
156	0	14	4	place
156	0	257	4	place
157	0	254	4	place
157	0	248	1	place
157	0	200	3	place
157	0	253	4	place
157	0	3	3	place
157	0	18	2	place
157	0	63	3	place
157	0	14	2	place
157	0	251	3	place
157	0	109	4	place
157	0	110	2	place
157	0	258	3	place
157	0	17	3	place
157	0	8	2	place
157	0	257	2	place
157	0	11	2	place
157	0	252	2	place
158	0	208	2	place
158	0	201	3	place
158	0	16	1	place
158	0	199	3	place
158	0	63	2	place
158	0	258	1	place
158	0	18	3	place
158	0	253	2	place
158	0	248	2	place
158	0	200	2	place
158	0	14	4	place
158	0	13	3	place
158	0	251	1	place
158	0	257	2	place
158	0	187	2	place
158	0	8	3	place
158	0	256	2	place
158	0	250	2	place
158	0	17	1	place
159	0	8	3	place
159	0	200	1	place
159	0	250	3	place
159	0	257	2	place
159	0	63	4	place
159	0	248	2	place
159	0	256	3	place
159	0	187	3	place
159	0	252	2	place
159	0	3	2	place
159	0	11	2	place
159	0	249	1	place
159	0	199	2	place
159	0	18	4	place
160	0	248	2	entertainmentbusiness
160	0	251	2	entertainmentbusiness
160	0	14	3	entertainmentbusiness
160	0	262	2	entertainmentbusiness
160	0	17	3	entertainmentbusiness
160	0	201	2	entertainmentbusiness
160	0	8	3	entertainmentbusiness
160	0	16	4	entertainmentbusiness
160	0	250	2	entertainmentbusiness
160	0	113	2	entertainmentbusiness
160	0	13	4	entertainmentbusiness
160	0	255	2	entertainmentbusiness
160	0	253	4	entertainmentbusiness
160	0	258	1	entertainmentbusiness
160	0	199	2	entertainmentbusiness
160	0	249	4	entertainmentbusiness
161	0	258	2	bodyofwater
161	0	249	2	bodyofwater
161	0	257	2	bodyofwater
161	0	110	2	bodyofwater
161	0	252	2	bodyofwater
161	0	8	1	bodyofwater
161	0	113	2	bodyofwater
161	0	14	1	bodyofwater
161	0	187	2	bodyofwater
161	0	253	2	bodyofwater
161	0	199	2	bodyofwater
161	0	255	4	bodyofwater
161	0	248	3	bodyofwater
161	0	208	2	bodyofwater
161	0	63	4	bodyofwater
161	0	251	3	bodyofwater
161	0	11	2	bodyofwater
161	0	13	3	bodyofwater
161	0	200	2	bodyofwater
161	0	18	2	bodyofwater
162	0	258	2	place
162	0	14	1	place
162	0	256	2	place
162	0	248	2	place
162	0	113	2	place
162	0	3	2	place
162	0	187	3	place
162	0	250	4	place
162	0	255	1	place
162	0	18	3	place
162	0	201	4	place
162	0	109	2	place
162	0	200	3	place
162	0	8	2	place
162	0	251	2	place
162	0	110	2	place
162	0	254	2	place
162	0	252	2	place
163	0	18	3	place
163	0	17	2	place
163	0	13	4	place
163	0	8	4	place
163	0	201	1	place
163	0	200	2	place
163	0	16	2	place
163	0	187	2	place
163	0	249	1	place
163	0	251	2	place
163	0	253	2	place
163	0	258	3	place
163	0	14	1	place
163	0	191	2	place
163	0	248	2	place
163	0	252	2	place
163	0	257	2	place
163	0	113	3	place
164	0	251	3	mountain
164	0	8	1	mountain
164	0	253	1	mountain
164	0	63	2	mountain
164	0	250	3	mountain
164	0	249	1	mountain
164	0	110	3	mountain
164	0	248	2	mountain
164	0	252	2	mountain
164	0	16	2	mountain
164	0	201	2	mountain
164	0	258	4	mountain
164	0	191	1	mountain
164	0	257	1	mountain
164	0	17	1	mountain
165	0	251	3	place
165	0	3	2	place
165	0	14	1	place
165	0	257	2	place
165	0	18	2	place
165	0	201	3	place
165	0	109	1	place
165	0	63	1	place
165	0	17	2	place
165	0	208	1	place
165	0	253	2	place
165	0	113	2	place
165	0	199	4	place
165	0	187	3	place
165	0	258	2	place
166	0	250	1	place
166	0	110	1	place
166	0	187	2	place
166	0	252	3	place
166	0	109	1	place
166	0	248	1	place
166	0	208	1	place
166	0	18	2	place
166	0	17	2	place
166	0	251	2	place
166	0	199	1	place
166	0	16	2	place
166	0	63	2	place
166	0	253	3	place
166	0	201	4	place
166	0	256	1	place
166	0	14	2	place
166	0	8	2	place
166	0	257	3	place
166	0	249	1	place
166	0	201	4	place
167	0	252	2	place
167	0	14	2	place
167	0	18	3	place
167	0	253	1	place
167	0	257	4	place
167	0	3	4	place
167	0	110	1	place
167	0	251	2	place
167	0	249	3	place
167	0	113	1	place
167	0	200	2	place
167	0	63	2	place
167	0	250	1	place
167	0	254	2	place
167	0	258	3	place
167	0	248	2	place
167	0	8	2	place
168	0	248	2	mountain
168	0	249	3	mountain
168	0	258	3	mountain
168	0	18	2	mountain
168	0	14	4	mountain
168	0	251	2	mountain
168	0	208	2	mountain
168	0	8	2	mountain
168	0	253	3	mountain
168	0	256	1	mountain
168	0	16	2	mountain
168	0	187	3	mountain
168	0	17	2	mountain
168	0	3	2	mountain
168	0	257	1	mountain
168	0	252	3	mountain
168	0	11	1	mountain
168	0	201	2	mountain
169	0	208	2	place
169	0	199	3	place
169	0	200	3	place
169	0	187	2	place
169	0	110	2	place
169	0	254	2	place
169	0	18	1	place
169	0	63	2	place
169	0	252	4	place
169	0	249	2	place
169	0	8	3	place
169	0	17	3	place
169	0	256	2	place
169	0	250	2	place
169	0	191	2	place
170	0	258	1	place
170	0	3	1	place
170	0	13	2	place
170	0	253	2	place
170	0	113	2	place
170	0	249	2	place
170	0	8	3	place
170	0	248	1	place
170	0	187	3	place
170	0	199	2	place
170	0	18	1	place
170	0	254	1	place
171	0	251	3	place
171	0	255	2	place
171	0	11	3	place
171	0	249	3	place
171	0	63	2	place
171	0	258	2	place
171	0	252	1	place
171	0	14	2	place
171	0	256	4	place
171	0	16	2	place
171	0	8	2	place
171	0	18	1	place
172	0	256	2	place
172	0	201	2	place
172	0	113	1	place
172	0	252	3	place
172	0	18	2	place
172	0	63	1	place
172	0	14	2	place
172	0	3	2	place
172	0	187	1	place
172	0	250	2	place
172	0	248	4	place
172	0	16	3	place
172	0	109	2	place
172	0	199	2	place
172	0	251	2	place
173	0	199	2	place
173	0	253	1	place
173	0	8	2	place
173	0	63	1	place
173	0	200	3	place
173	0	11	2	place
173	0	258	4	place
173	0	201	4	place
173	0	248	3	place
173	0	252	1	place
173	0	257	1	place
173	0	16	2	place
173	0	251	2	place
173	0	14	2	place
174	0	110	3	place
174	0	250	2	place
174	0	257	2	place
174	0	8	4	place
174	0	252	2	place
174	0	248	2	place
174	0	63	2	place
174	0	16	4	place
174	0	14	2	place
174	0	199	3	place
174	0	253	1	place
174	0	3	3	place
174	0	200	4	place
174	0	17	1	place
174	0	208	2	place
174	0	109	2	place
174	0	201	3	place
174	0	255	3	place
175	0	253	2	place
175	0	248	2	place
175	0	187	2	place
175	0	257	4	place
175	0	13	1	place
175	0	17	2	place
175	0	208	1	place
175	0	11	4	place
175	0	251	2	place
175	0	200	1	place
175	0	258	2	place
175	0	110	4	place
175	0	252	3	place
175	0	201	3	place
175	0	63	1	place
175	0	255	1	place
175	0	113	2	place
176	0	208	1	place
176	0	201	2	place
176	0	252	1	place
176	0	3	2	place
176	0	110	1	place
176	0	251	2	place
176	0	256	2	place
176	0	257	2	place
176	0	13	4	place
176	0	17	2	place
176	0	254	2	place
176	0	200	2	place
176	0	253	2	place
176	0	16	2	place
176	0	63	4	place
176	0	258	2	place
176	0	249	1	place
176	0	8	4	place
176	0	199	1	place
177	0	263	2	product
177	0	264	3	product
177	0	16	2	product
177	0	63	2	product
177	0	265	3	product
177	0	61	2	product
177	0	266	2	product
177	0	13	2	product
177	0	267	2	product
177	0	30	4	product
177	0	58	2	product
177	0	119	4	product
177	0	116	2	product
177	0	183	3	product
177	0	51	4	product
177	0	115	1	product
177	0	112	2	product
178	0	268	2	product
178	0	61	2	product
178	0	269	2	product
178	0	3	2	product
178	0	30	4	product
178	0	244	2	product
178	0	14	2	product
178	0	113	1	product
178	0	266	4	product
178	0	270	3	product
178	0	263	1	product
178	0	63	2	product
178	0	231	2	product
178	0	51	4	product
178	0	16	1	product
179	0	112	3	product
179	0	264	2	product
179	0	270	2	product
179	0	18	2	product
179	0	269	3	product
179	0	61	2	product
179	0	231	2	product
179	0	267	2	product
179	0	255	1	product
179	0	271	2	product
179	0	63	4	product
179	0	3	4	product
179	0	265	1	product
179	0	51	3	product
179	0	115	2	product
179	0	244	2	product
179	0	116	2	product
179	0	16	1	product
179	0	268	2	product
180	0	265	2	product
180	0	116	2	product
180	0	183	2	product
180	0	14	2	product
180	0	266	1	product
180	0	30	4	product
180	0	119	2	product
180	0	267	2	product
180	0	264	1	product
180	0	263	2	product
180	0	51	2	product
180	0	115	2	product
180	0	63	2	product
180	0	13	3	product
180	0	112	3	product
180	0	231	1	product
180	0	272	2	product
180	0	269	2	product
180	0	18	1	product
180	0	244	3	product
180	0	271	2	product
181	0	16	2	product
181	0	244	1	product
181	0	30	3	product
181	0	271	2	product
181	0	265	1	product
181	0	63	1	product
181	0	272	1	product
181	0	183	4	product
181	0	263	1	product
181	0	116	4	product
181	0	270	2	product
181	0	266	2	product
181	0	18	2	product
181	0	119	2	product
181	0	58	1	product
181	0	264	4	product
181	0	51	2	product
181	0	231	3	product
181	0	268	2	product
181	0	115	1	product
181	0	8	2	product
182	0	51	1	product
182	0	18	1	product
182	0	14	3	product
182	0	272	4	product
182	0	113	2	product
182	0	17	3	product
182	0	3	2	product
182	0	109	4	product
182	0	119	2	product
182	0	115	3	product
182	0	255	1	product
182	0	61	2	product
182	0	63	2	product
182	0	11	3	product
182	0	270	4	product
182	0	267	2	product
182	0	116	3	product
183	0	268	1	car
183	0	63	2	car
183	0	273	2	car
183	0	267	2	car
183	0	116	4	car
183	0	183	1	car
183	0	274	3	car
183	0	18	2	car
183	0	275	3	car
183	0	61	3	car
183	0	244	2	car
183	0	14	2	car
183	0	276	3	car
184	0	270	4	product
184	0	267	4	product
184	0	255	2	product
184	0	277	2	product
184	0	269	2	product
184	0	13	2	product
184	0	271	3	product
184	0	119	2	product
184	0	116	2	product
184	0	58	2	product
184	0	51	3	product
184	0	263	4	product
184	0	265	2	product
184	0	18	3	product
184	0	268	3	product
184	0	244	2	product
184	0	63	1	product
184	0	272	2	product
184	0	3	2	product
184	0	11	2	product
184	0	16	4	product
184	0	183	3	product
184	0	109	4	product
184	0	112	1	product
185	0	14	2	product
185	0	278	3	product
185	0	115	1	product
185	0	263	2	product
185	0	267	3	product
185	0	264	2	product
185	0	3	3	product
185	0	269	3	product
185	0	244	3	product
185	0	272	2	product
185	0	265	4	product
185	0	30	2	product
185	0	8	1	product
185	0	116	3	product
185	0	270	1	product
185	0	63	4	product
185	0	271	1	product
186	0	63	1	product
186	0	183	3	product
186	0	264	1	product
186	0	269	2	product
186	0	61	3	product
186	0	263	2	product
186	0	270	1	product
186	0	116	2	product
186	0	58	2	product
186	0	268	4	product
186	0	112	2	product
186	0	14	1	product
186	0	119	1	product
186	0	265	2	product
186	0	255	2	product
186	0	3	2	product
186	0	30	2	product
187	0	268	2	product
187	0	116	3	product
187	0	8	3	product
187	0	112	1	product
187	0	58	2	product
187	0	61	2	product
187	0	183	2	product
187	0	265	2	product
187	0	63	2	product
187	0	269	1	product
187	0	266	2	product
187	0	244	2	product
187	0	231	2	product
187	0	267	1	product
187	0	51	4	product
187	0	119	2	product
187	0	270	3	product
187	0	264	2	product
187	0	11	1	product
187	0	13	2	product
188	0	183	3	product
188	0	3	4	product
188	0	265	2	product
188	0	269	4	product
188	0	11	2	product
188	0	270	3	product
188	0	244	2	product
188	0	14	2	product
188	0	113	3	product
188	0	268	2	product
188	0	266	2	product
188	0	61	2	product
188	0	116	2	product
188	0	112	2	product
188	0	51	2	product
188	0	264	1	product
188	0	30	4	product
188	0	115	3	product
188	0	263	2	product
188	0	63	3	product
188	0	119	4	product
189	0	14	1	product
189	0	112	2	product
189	0	115	2	product
189	0	113	2	product
189	0	11	2	product
189	0	183	3	product
189	0	244	3	product
189	0	231	2	product
189	0	270	4	product
189	0	266	1	product
189	0	267	2	product
189	0	18	2	product
189	0	13	3	product
189	0	116	2	product
189	0	3	3	product
190	0	116	3	car
190	0	267	1	car
190	0	279	2	car
190	0	119	1	car
190	0	263	3	car
190	0	183	3	car
190	0	231	4	car
190	0	61	3	car
190	0	30	2	car
190	0	18	2	car
190	0	280	2	car
190	0	264	4	car
190	0	276	2	car
190	0	274	2	car
190	0	113	2	car
190	0	281	2	car
190	0	282	3	car
190	0	63	2	car
190	0	244	2	car
190	0	275	2	car
190	0	283	2	car
190	0	271	2	car
190	0	284	4	car
191	0	13	1	product
191	0	58	1	product
191	0	112	2	product
191	0	267	3	product
191	0	16	3	product
191	0	269	2	product
191	0	30	2	product
191	0	268	4	product
191	0	183	2	product
191	0	18	4	product
191	0	17	1	product
191	0	61	4	product
191	0	115	3	product
191	0	109	3	product
191	0	63	4	product
192	0	266	2	product
192	0	265	2	product
192	0	119	4	product
192	0	277	1	product
192	0	63	3	product
192	0	231	1	product
192	0	244	2	product
192	0	116	3	product
192	0	112	4	product
192	0	268	4	product
192	0	3	2	product
192	0	255	2	product
192	0	270	2	product
192	0	263	2	product
192	0	264	2	product
192	0	267	3	product
192	0	113	2	product
192	0	61	2	product
192	0	14	4	product
192	0	269	1	product
193	0	269	2	product
193	0	115	3	product
193	0	63	2	product
193	0	264	2	product
193	0	263	3	product
193	0	244	4	product
193	0	270	2	product
193	0	13	2	product
193	0	269	2	product
193	0	30	2	product
193	0	183	2	product
193	0	16	1	product
193	0	265	4	product
193	0	14	2	product
193	0	3	2	product
193	0	231	2	product
193	0	61	2	product
193	0	268	2	product
193	0	266	2	product
193	0	116	2	product
193	0	58	4	product
193	0	8	2	product
193	0	244	3	product
194	0	183	3	product
194	0	30	2	product
194	0	14	2	product
194	0	63	2	product
194	0	265	4	product
194	0	264	2	product
194	0	266	1	product
194	0	3	2	product
194	0	263	2	product
194	0	277	2	product
194	0	267	2	product
194	0	278	2	product
194	0	112	2	product
194	0	244	3	product
194	0	183	4	product
195	0	13	1	product
195	0	30	1	product
195	0	266	2	product
195	0	244	2	product
195	0	263	4	product
195	0	267	2	product
195	0	265	2	product
195	0	116	2	product
195	0	183	2	product
195	0	11	4	product
195	0	18	3	product
195	0	3	3	product
195	0	16	2	product
195	0	119	4	product
195	0	14	2	product
195	0	270	2	product
196	0	271	3	product
196	0	231	2	product
196	0	263	2	product
196	0	116	2	product
196	0	266	3	product
196	0	16	2	product
196	0	269	2	product
196	0	30	3	product
196	0	63	2	product
196	0	14	2	product
196	0	267	2	product
196	0	265	2	product
196	0	244	2	product
196	0	112	2	product
196	0	268	2	product
196	0	183	2	product
196	0	270	3	product
196	0	18	2	product
196	0	61	2	product
196	0	264	2	product
197	0	115	2	product
197	0	3	1	product
197	0	267	3	product
197	0	263	2	product
197	0	112	4	product
197	0	30	3	product
197	0	271	4	product
197	0	268	1	product
197	0	264	3	product
197	0	61	2	product
197	0	51	2	product
197	0	18	2	product
197	0	255	4	product
197	0	14	3	product
197	0	63	2	product
197	0	265	2	product
197	0	278	2	product
198	0	272	1	product
198	0	244	2	product
198	0	116	2	product
198	0	267	3	product
198	0	119	2	product
198	0	277	2	product
198	0	265	2	product
198	0	183	1	product
198	0	231	2	product
198	0	109	3	product
198	0	58	1	product
198	0	266	2	product
198	0	63	3	product
198	0	11	2	product
198	0	270	1	product
198	0	30	3	product
198	0	264	1	product
199	0	268	2	product
199	0	269	3	product
199	0	8	2	product
199	0	18	2	product
199	0	112	2	product
199	0	271	2	product
199	0	14	2	product
199	0	58	2	product
199	0	115	2	product
199	0	63	4	product
199	0	119	1	product
199	0	267	1	product
199	0	116	2	product
199	0	183	2	product
199	0	17	3	product
199	0	30	2	product
199	0	244	2	product
199	0	113	2	product
199	0	3	2	product
199	0	51	2	product
200	0	275	4	vehicle
200	0	276	4	vehicle
200	0	264	2	vehicle
200	0	284	2	vehicle
200	0	285	3	vehicle
200	0	244	2	vehicle
200	0	3	3	vehicle
200	0	270	2	vehicle
200	0	286	3	vehicle
200	0	273	2	vehicle
200	0	231	2	vehicle
200	0	287	3	vehicle
200	0	288	3	vehicle
200	0	279	3	vehicle
200	0	61	1	vehicle
200	0	51	1	vehicle
200	0	289	3	vehicle
200	0	14	1	vehicle
200	0	263	2	vehicle
200	0	116	3	vehicle
200	0	283	2	vehicle
200	0	112	2	vehicle
200	0	119	2	vehicle
200	0	281	2	vehicle
200	0	290	2	vehicle
200	0	274	2	vehicle
200	0	18	1	vehicle
200	0	282	3	vehicle
200	0	183	2	vehicle
200	0	8	3	vehicle
200	0	267	3	vehicle
200	0	30	3	vehicle
200	0	291	2	vehicle
201	0	271	4	product
201	0	263	2	product
201	0	116	3	product
201	0	115	1	product
201	0	266	2	product
201	0	61	1	product
201	0	268	3	product
201	0	267	2	product
201	0	244	2	product
201	0	269	2	product
201	0	58	2	product
201	0	183	2	product
201	0	109	2	product
201	0	270	1	product
201	0	112	2	product
201	0	30	2	product
201	0	13	1	product
202	0	3	2	product
202	0	112	1	product
202	0	265	2	product
202	0	263	3	product
202	0	115	2	product
202	0	30	2	product
202	0	116	2	product
202	0	231	4	product
202	0	61	3	product
202	0	268	2	product
202	0	269	1	product
202	0	13	2	product
202	0	109	2	product
202	0	270	2	product
202	0	58	1	product
202	0	266	2	product
202	0	183	2	product
202	0	63	4	product
202	0	271	3	product
202	0	264	2	product
202	0	267	3	product
203	0	116	4	product
203	0	115	1	product
203	0	119	1	product
203	0	3	2	product
203	0	51	2	product
203	0	30	2	product
203	0	244	3	product
203	0	183	3	product
203	0	11	4	product
203	0	264	2	product
203	0	63	2	product
203	0	13	3	product
203	0	113	2	product
203	0	269	1	product
203	0	270	2	product
203	0	61	4	product
203	0	267	2	product
203	0	14	4	product
203	0	112	3	product
204	0	61	3	car
204	0	183	3	car
204	0	278	2	car
204	0	14	3	car
204	0	289	2	car
204	0	283	2	car
204	0	275	2	car
204	0	292	2	car
204	0	112	2	car
204	0	231	2	car
204	0	281	2	car
204	0	279	4	car
204	0	267	3	car
204	0	290	4	car
204	0	116	3	car
204	0	264	4	car
204	0	273	2	car
204	0	282	2	car
204	0	291	1	car
204	0	113	2	car
204	0	30	2	car
204	0	51	3	car
204	0	287	2	car
204	0	274	2	car
204	0	286	3	car
204	0	276	4	car
204	0	270	1	car
205	0	231	4	product
205	0	115	1	product
205	0	267	2	product
205	0	30	2	product
205	0	119	1	product
205	0	116	3	product
205	0	255	2	product
205	0	266	3	product
205	0	14	3	product
205	0	265	2	product
205	0	113	3	product
205	0	264	2	product
205	0	270	2	product
205	0	277	3	product
205	0	280	2	product
205	0	112	2	product
205	0	244	2	product
205	0	269	4	product
205	0	63	2	product
205	0	61	3	product
205	0	271	2	product
205	0	51	2	product
205	0	18	1	product
205	0	268	2	product
206	0	267	2	product
206	0	63	1	product
206	0	119	4	product
206	0	30	2	product
206	0	113	4	product
206	0	268	2	product
206	0	263	2	product
206	0	14	2	product
206	0	13	3	product
206	0	8	2	product
206	0	183	2	product
206	0	58	2	product
206	0	278	3	product
206	0	264	2	product
206	0	115	3	product
206	0	265	1	product
206	0	244	2	product
206	0	255	2	product
206	0	51	1	product
206	0	267	2	product
207	0	231	4	product
207	0	116	4	product
207	0	115	1	product
207	0	272	2	product
207	0	11	1	product
207	0	13	1	product
207	0	264	1	product
207	0	269	4	product
207	0	30	3	product
207	0	270	3	product
207	0	266	3	product
207	0	183	2	product
207	0	268	1	product
207	0	267	1	product
207	0	61	3	product
207	0	244	2	product
208	0	265	2	product
208	0	183	2	product
208	0	63	3	product
208	0	268	3	product
208	0	266	2	product
208	0	263	2	product
208	0	109	2	product
208	0	278	1	product
208	0	113	1	product
208	0	270	2	product
208	0	11	2	product
208	0	244	2	product
208	0	14	4	product
208	0	112	2	product
209	0	265	2	product
209	0	30	1	product
209	0	3	3	product
209	0	231	2	product
209	0	51	2	product
209	0	270	2	product
209	0	113	3	product
209	0	61	4	product
209	0	13	2	product
209	0	14	3	product
209	0	119	3	product
209	0	63	4	product
209	0	183	2	product
209	0	264	2	product
209	0	268	1	product
209	0	263	1	product
209	0	116	1	product
209	0	244	2	product
210	0	183	3	product
210	0	263	2	product
210	0	278	4	product
210	0	244	2	product
210	0	270	2	product
210	0	112	2	product
210	0	8	2	product
210	0	113	3	product
210	0	231	2	product
210	0	115	2	product
210	0	14	4	product
210	0	58	2	product
210	0	264	2	product
210	0	63	2	product
210	0	51	2	product
210	0	265	1	product
210	0	3	3	product
210	0	119	1	product
210	0	116	4	product
210	0	30	1	product
210	0	266	2	product
210	0	267	2	product
210	0	183	3	product
211	0	263	2	car
211	0	183	2	car
211	0	279	3	car
211	0	268	2	car
211	0	281	1	car
211	0	51	2	car
211	0	288	2	car
211	0	291	3	car
211	0	292	2	car
211	0	18	4	car
211	0	63	3	car
211	0	293	2	car
211	0	3	3	car
211	0	116	3	car
211	0	274	2	car
211	0	14	4	car
211	0	115	4	car
211	0	244	2	car
211	0	30	2	car
211	0	231	2	car
211	0	267	1	car
211	0	271	3	car
211	0	287	2	car
211	0	275	2	car
211	0	294	3	car
212	0	272	2	product
212	0	58	3	product
212	0	267	3	product
212	0	51	2	product
212	0	265	2	product
212	0	271	2	product
212	0	183	4	product
212	0	13	3	product
212	0	61	3	product
212	0	244	3	product
212	0	255	4	product
212	0	116	2	product
212	0	63	1	product
212	0	266	2	product
212	0	231	4	product
212	0	30	2	product
212	0	264	2	product
212	0	278	4	product
212	0	113	2	product
213	0	272	3	product
213	0	30	2	product
213	0	116	2	product
213	0	267	3	product
213	0	119	4	product
213	0	231	2	product
213	0	14	4	product
213	0	263	3	product
213	0	113	2	product
213	0	3	3	product
213	0	58	4	product
213	0	255	2	product
213	0	183	2	product
213	0	278	1	product
213	0	51	1	product
213	0	244	1	product
214	0	244	3	product
214	0	183	3	product
214	0	269	2	product
214	0	267	2	product
214	0	63	2	product
214	0	255	3	product
214	0	266	3	product
214	0	13	2	product
214	0	270	4	product
214	0	263	4	product
214	0	14	2	product
214	0	51	2	product
214	0	231	2	product
214	0	30	3	product
214	0	116	3	product
215	0	14	2	product
215	0	271	2	product
215	0	61	2	product
215	0	265	3	product
215	0	119	1	product
215	0	264	2	product
215	0	112	2	product
215	0	269	2	product
215	0	270	3	product
215	0	116	1	product
215	0	63	4	product
215	0	244	2	product
215	0	183	2	product
215	0	58	1	product
215	0	30	2	product
215	0	255	3	product
215	0	263	2	product
215	0	113	2	product
216	0	270	3	product
216	0	63	4	product
216	0	183	1	product
216	0	3	3	product
216	0	244	3	product
216	0	271	1	product
216	0	263	4	product
216	0	14	2	product
216	0	119	1	product
216	0	265	2	product
217	0	13	2	product
217	0	30	3	product
217	0	268	3	product
217	0	113	4	product
217	0	61	3	product
217	0	51	3	product
217	0	267	4	product
217	0	116	4	product
217	0	183	4	product
217	0	270	3	product
217	0	14	2	product
217	0	3	3	product
217	0	271	3	product
217	0	58	1	product
217	0	18	2	product
217	0	119	2	product
217	0	112	2	product
217	0	263	2	product
217	0	63	2	product
217	0	16	2	product
217	0	269	2	product
217	0	280	2	product
218	0	30	2	product
218	0	61	2	product
218	0	255	3	product
218	0	116	2	product
218	0	272	2	product
218	0	278	3	product
218	0	63	2	product
218	0	109	2	product
218	0	112	4	product
218	0	119	3	product
218	0	115	2	product
218	0	13	1	product
218	0	231	2	product
218	0	14	2	product
218	0	266	4	product
218	0	267	3	product
218	0	263	2	product
218	0	264	2	product
218	0	3	4	product
218	0	8	3	product
218	0	244	2	product
218	0	18	1	product
218	0	265	2	product
218	0	183	3	product
218	0	270	2	product
219	0	116	3	product
219	0	263	2	product
219	0	63	3	product
219	0	183	2	product
219	0	269	4	product
219	0	18	2	product
219	0	270	1	product
219	0	14	2	product
219	0	119	2	product
219	0	267	2	product
219	0	277	2	product
219	0	3	2	product
219	0	278	1	product
219	0	264	3	product
219	0	8	2	product
219	0	61	2	product
220	0	30	2	product
220	0	3	3	product
220	0	264	2	product
220	0	14	1	product
220	0	115	2	product
220	0	255	4	product
220	0	265	1	product
220	0	63	3	product
220	0	269	1	product
220	0	267	3	product
220	0	116	4	product
220	0	268	3	product
220	0	271	2	product
221	0	278	2	product
221	0	8	3	product
221	0	264	2	product
221	0	116	4	product
221	0	271	1	product
221	0	265	2	product
221	0	112	4	product
221	0	255	2	product
221	0	266	2	product
221	0	183	3	product
221	0	51	1	product
221	0	119	3	product
221	0	30	3	product
221	0	14	1	product
221	0	231	4	product
221	0	263	1	product
221	0	61	2	product
221	0	278	4	product
222	0	116	3	product
222	0	270	2	product
222	0	16	1	product
222	0	183	2	product
222	0	113	2	product
222	0	61	2	product
222	0	265	2	product
222	0	18	1	product
222	0	267	2	product
222	0	11	2	product
222	0	63	4	product
222	0	263	1	product
222	0	119	2	product
222	0	272	2	product
222	0	266	2	product
222	0	51	3	product
222	0	30	2	product
222	0	264	3	product
223	0	183	4	vehicle
223	0	116	2	vehicle
223	0	30	3	vehicle
223	0	244	2	vehicle
223	0	274	4	vehicle
223	0	113	2	vehicle
223	0	267	2	vehicle
223	0	271	2	vehicle
223	0	282	1	vehicle
223	0	119	2	vehicle
223	0	291	2	vehicle
223	0	275	2	vehicle
223	0	281	3	vehicle
223	0	279	2	vehicle
223	0	112	3	vehicle
223	0	264	1	vehicle
223	0	266	2	vehicle
223	0	276	2	vehicle
223	0	63	4	vehicle
223	0	288	2	vehicle
224	0	112	2	product
224	0	270	2	product
224	0	268	2	product
224	0	116	1	product
224	0	30	1	product
224	0	231	3	product
224	0	264	2	product
224	0	269	3	product
224	0	271	1	product
224	0	51	4	product
224	0	63	3	product
224	0	183	1	product
224	0	115	2	product
224	0	280	1	product
224	0	267	2	product
224	0	3	1	product
224	0	263	2	product
224	0	113	2	product
224	0	265	1	product
225	0	265	2	product
225	0	268	1	product
225	0	30	2	product
225	0	244	2	product
225	0	269	4	product
225	0	63	3	product
225	0	13	4	product
225	0	119	2	product
225	0	280	2	product
225	0	11	4	product
225	0	231	4	product
225	0	14	4	product
225	0	183	2	product
225	0	264	2	product
225	0	271	4	product
225	0	272	4	product
225	0	116	1	product
225	0	267	2	product
225	0	61	2	product
225	0	244	2	product
226	0	61	4	product
226	0	119	2	product
226	0	264	3	product
226	0	8	4	product
226	0	17	4	product
226	0	30	1	product
226	0	272	2	product
226	0	269	1	product
226	0	14	2	product
226	0	244	1	product
226	0	115	2	product
226	0	63	2	product
226	0	51	2	product
226	0	116	2	product
227	0	30	2	car
227	0	14	2	car
227	0	283	4	car
227	0	276	2	car
227	0	289	4	car
227	0	267	3	car
227	0	231	2	car
227	0	282	2	car
227	0	30	2	car
227	0	285	2	car
227	0	273	2	car
227	0	294	3	car
227	0	183	3	car
227	0	116	1	car
227	0	291	2	car
227	0	279	2	car
227	0	295	3	car
227	0	263	4	car
227	0	119	3	car
227	0	51	3	car
227	0	244	2	car
227	0	63	2	car
227	0	112	2	car
227	0	3	2	car
227	0	270	1	car
228	0	119	4	product
228	0	269	3	product
228	0	113	2	product
228	0	271	2	product
228	0	264	1	product
228	0	3	2	product
228	0	116	3	product
228	0	115	2	product
228	0	266	4	product
228	0	30	2	product
228	0	112	2	product
228	0	270	2	product
228	0	183	4	product
228	0	244	2	product
228	0	263	4	product
228	0	16	2	product
228	0	265	2	product
228	0	63	1	product
228	0	267	2	product
228	0	255	2	product
229	0	11	4	thing
229	0	17	4	thing
229	0	8	3	thing
229	0	3	2	thing
229	0	16	2	thing
